#FORMAT: BEACON												
#PREFIX: https://d-nb.info/gnd/												
#TARGET: https://www.musikbibliographie.de/REL?PPN=												
#FEED: https://github.com/musikforschung/bms_beacon/blob/main/dmp/beacon_tuwim.txt											
#LINK: https://www.w3.org/2000/01/rdf-schema#seeAlso												
#CONTACT: Bibliographie des Musikschrifttums <bms@sim.spk-berlin.de>												
#INSTITUTION: Staatliches Institut für Musikforschung Preußischer Kulturbesitz												
#NAME: Bibliographie des Musikschrifttums BMS online												
#MESSAGE: Publikationen über (Name Musikwerk) in der Bibliographie des Musikschrifttums | Publications about (name of musical work) in the Bibliographie des Musikschrifttums											
#DESCRIPTION: Die Bibliographie des Musikschrifttums (BMS online) verzeichnet internationale, wissenschaftliche Publikationen zur Musik. Dabei werden Bücher, Aufsätze und Rezensionen aus Zeitschriften, Festschriften, Kongreßberichten, Jahrbüchern, Sammelbänden und kritischen Berichten musikalischer Editionen berücksichtigt. In der vorliegenden Datei sind die GND-IDs (Tu1) und die zugehörigen BMS-IDs von Musikwerken verzeichnet, zu denen Literatur in der BMS nachgewiesen sind. | The Bibliographie des Musikschrifttums (BMS online) lists international, scholarly publications on music. Books, essays and reviews from journals, festschrifts, proceedings, yearbooks, anthologies and critical reports of musical editions are taken into account. This file contains the GND-IDs (Tu1) and the corresponding BMS-IDs of musical works for which literature is indexed in the BMS.			
#TIMESTAMP: 2025-12-29
#UPDATE: weekly


1114676535||008821607
300945582||008815054
1046130617||00881354X
300192533||008813469
300113056||008812225
1171496443||008808600
30054670X||008806462
117478265X||008797269
1204211973||008794952
300276303||008794898
300492499||008788596
300721862||008787409
300553307||00878700X
300029330||008784787
300125011||008783187
300112912||008783179
30011933X||008777535
4630476-9||008775125
1227959575||008774595
300207808||008769761
300207794||008769753
300299672||008769702
300037643||008764050
300042183||008756724
1319184103||008755183
300215509||00875103X
1170176127||008741484
300777809||00874114X
1163690740||008738920
300252528||008732191
30002486X||008728860
300213131||008728852
300299052||008728763
300126727||008728666
30014220X||008726396
300142196||00872637X
1169243363||008721289
300007787||008721106
300303971||008721084
1140919830||008718326
300207786||008712786
1073318664||008707200
300659997||008699690
300546173||008699402
4378442-2||008697930
300092970||008694842
300303270||008689474
300698860||008689164
300000227||008687188
1114929778||008684731
1277584737||008684626
1145339476||008682992
1204022135||008682828
300646909||008681503
301028079||008676364
1213378176||008674744
1043476466||00867471X
300378149||008650691
1160002886||008650039
300452438||008650012
300453140||008649308
300349254||00864750X
300521529||008642745
1305552512||008640777
300382995||008640483
300476531||00863906X
130495403X||008638721
300100450||008638128
1220852198||008635226
1285182898||008634521
300360940||008633649
300477074||008621187
1187688754||008614113
1204646473||008611432
1117240118||008611424
1062668065||008603324
113642640X||008603316
1129880672||00860178X
30004237X||008601763
300042256||008601755
300032056||00859810X
300031998||008598096
300712162||008597820
300031491||008595127
300154410||008592993
1165194171||008591016
1201568218||008590990
4707435-8||008590966
1189708469||008588813
300498721||008587124
300148585||008587116
1213532396||008585601
300290608||008586489
300808240||008585822
1253250774||008579970
1262111552||008579962
1262427606||008579938
300161093||008572976
123702465X||008570809
300357648||008570779
122883668X||008570329
1088794548||00856776X
300144350||008564876
1154459314||008561869
300425244||008558833
1170633889||008558795
300516363||00855868X
300522541||00855515X
1100205020||008550158
117298932X||008550050
300017294||008548455
300384335||008547025
300072775||008542759
4427972-3||008542341
1269025449||008533482
1139276557||008532265
300166168||008532095
300306512||008528721
121200535X||008528713
1139910531||008528691
30043488X||008528683
300577885||008528675
300306458||008528667
1031768750||008527199
300803362||00852601X
30001497X||008521093
1031945687||008520313
300291922||008519994
300092709||008519811
300109547||008519250
300061234||008519196
1024997499||008516588
300283520||008515050
1233687069||008514178
7726057-0||008513953
300480180||008508720
1140146734||008507988
300046847||008507325
4599990-9||008505039
300465408||008503311
7826047-4||008498903
300188366||008498806
1044411449||008496927
300064101||008496900
4482425-7||008496544
1123754748||008491623
300320175||008491240
1131715853||008489424
300202490||008488320
300142870||008488258
1074315790||00848824X
300374720||008486867
1072012901||008485666
1054616833||008483655
30013892X||008483647
1077008880||008480486
300037430||008480478
300008201||008475962
1160101310||008474931
300168829||008468109
30051722X||008463751
1170212689||008458715
1031800832||008458707
300542704||008460965
1234474387||008460205
1051793920||008458936
108256818X||008460221
1249238048||008462534
1227735944||008456941
300828322||008455708
7617057-3||008452857
300759428||008444684
30081786X||008441871
1033550981||008440638
1074124308||008437890
300127286||008437882
300072724||00843588X
300896387||008434166
300076185||008425310
300357702||008419728
1068898402||008416230
300409281||008416222
1278641556||008414025
300917716||008408556
300276036||008407622
300026226||008404704
4716197-8||008396574
1241204462||008396124
300548664||008393508
30004741X||008393494
300572301||008392617
1232774022||008392250
300551878||008385068
1046275712||008367396
300152183||008365334
1179940768||008365083
300862091||008364869
1050326997||008363544
300124139||008355711
300142315||00835569X
300229569||008354049
300033281||008352909
300446144||008352895
4502578-2||008351465
104295609X||00835071X
4592712-1||008344280
1193676479||008342962
300051182||008341370
300962401||008341117
1100093311||008337047
1135507155||008323690
1033870579||008320489
300246889||008320063
300133782||008310149
1075202477||008309604
1185192271||008291837
1163952389||008291764
300037201||008289816
300045565||008285047
300140339||008282196
1121240348||008281181
300266081||008275203
126360241X||008274479
1264818890||008273545
1202451705||008269165
300224869||008268843
300158084||008268835
1124099573||008267103
123986180X||00826709X
300053967||008259607
1154328058||008259518
1136343873||008257191
30048142X||008102473
300199910||008102465
300323646||008099146
4372094-8||008095272
1123649588||00809487X
1169835538||00809179X
4532036-6||008089167
300454821||008083886
1258817292||008078637
1145068065||008078629
300116063||00807125X
300397909||008064059
300554117||008058156
300094248||00805780X
300317212||008057788
1126601276||008055335
300036612||008047553
300226578||008047545
4808154-1||00804581X
1248662210||00804256X
300566158||008042284
1243201967||008037906
300064160||008037868
1053590806||008037620
7858393-7||008036969
300045387||008035474
30002312X||008029423
1230248498||008029156
1063690137||008028435
300009240||008026254
300016921||00802264X
300016913||008022631
104637530X||008022623
1156812801||008022577
300766084||00801762X
300142749||008017204
118675334X||008014442
30000852X||008013314
300294638||008012644
30001516X||00801258X
7755874-1||008010900
7606934-5||008008191
300025580||008004900
1033138851||00800403X
300007485||008000611
30044883X||00799768X
1251892485||007996551
300014856||007996098
300146442||007995482
300179197||007992114
110759488X||007992106
1081645652||007991231
1032367687||007991053
300008112||007989830
300165064||007986769
300115636||007985436
300017596||007983085
121620392X||007981805
1121706053||007976747
300233205||007974418
30030112X||007974310
1248964748||007969112
7625555-4||007967799
300101279||007967284
1248825268||007965419
300374372||00796093X
300187092||007958471
1024211851||007957920
300073542||00795705X
300157169||007956436
4609336-9||007956371
300853068||007954409
300039131||007953763
300005393||007953755
300062850||007952058
7574584-7||007951183
1170691080||007951108
300135556||007950497
1100721649||00794876X
300051034||00794828X
300007590||007942796
30000723X||00794277X
300007957||007942761
1197164030||007942400
1069076732||007939299
30001967X||007937563
1162159391||007937555
300071302||007934009
1174647272||007933975
1073958604||007933967
300159706||007924917
4417699-5||007924879
1081303425||00792156X
300160941||007920946
300095112||007913796
300296762||007913788
300008767||00791282X
300008279||007912811
300182287||007911041
300662351||007911017
300046332||007910371
1242417680||007909500
1126666742||007908954
300392885||007906951
300211473||007906900
300988354||007906889
1058580620||007905661
1099344018||007905602
114530060X||00790407X
1113884924||007900848
1135315787||007900600
1181151279||007900457
300002238||007900422
300181981||007899297
300005768||007897766
300007361||007897510
300539053||007896417
300161204||007896409
1230581308||007895844
1202831559||007893434
1126275212||00789161X
300027184||007891431
300026617||007891148
300161441||007888481
300160836||007888457
30082890X||007888384
300417829||007888376
1194560601||007887663
300027109||007886063
30019689X||007884419
1033394041||007884400
300049994||007884389
300260970||007884370
1026248426||007882904
300011369||007882130
1227874693||007880553
1029146039||007876955
300205880||007873611
300144598||007872399
300300190||007871066
300130511||00787099X
300141726||007870957
1181150604||007870736
1175915130||007870728
1161702121||007870701
300433581||007869851
300181566||007866003
300009690||007865414
300016441||007864191
300109962||007863845
1237697514||007861222
300266650||007861192
1112152725||007860722
300029934||00786020X
1038158702||00785823X
301021139||007855400
1076053548||007855338
300303742||007855281
300694342||007854269
300137257||007853653
115852871X||00785353X
300327994||007852967
1160912734||007852444
107183407X||007852312
300025521||00785112X
300025548||007851073
300291027||007851057
300427085||007848919
1052609902||00784591X
103167828X||007843941
300345526||007843895
1064745954||007843739
300048084||007837372
1145339751||007833016
1075258227||00783294X
300311869||007832931
300022794||007821409
1235628884||007819684
300130724||007817827
300267533||007813228
300127545||007807600
7512891-3||007805845
30049159X||00780573X
1173734007||007805713
1104283271||007805675
1080334912||007805616
300227949||00780055X
300417535||007792417
4547981-1||007792034
1213369703||007791941
300148356||007791186
1233646052||007790651
30015139X||007789963
300265840||007789610
1062587456||007787979
300005997||007787731
7578801-9||007787723
1075347785||007787111
300644019||007787103
1054198284||007784996
1046153412||007783280
30007462X||007783272
300194528||007783264
300074794||00778323X
300776217||007783221
1233022520||007781059
30093078X||007777000
300383487||007776926
300126522||007768958
300176538||007768818
300504225||007766521
1182263623||00776121X
300585640||007761201
1122233922||007760825
300171420||007758898
300040652||007757743
1115254790||007751184
4425384-9||007749953
300229674||00774949X
1138815128||007748590
301004889||007748361
300047789||007748094
1230580247||007747365
300202229||007743955
300392133||007743254
1156685389||00774319X
1036400301||007743157
1035142570||007742541
300221193||007742282
1230145990||007741715
30098913X||00774157X
1079452346||007739206
300017251||007738986
300069073||007738943
300070837||007738560
300820291||007738536
300070799||007738331
103745488X||007737475
301008655||007737467
300194994||007733976
1056825901||007732503
300213689||007730608
4452957-0||007729138
300146094||007728344
300414463||007724608
300368909||007724330
1082229202||007724284
300739311||007719337
300070764||007719183
300808194||007719175
300248474||007719167
4520997-2||007719132
1214330061||007718950
1104858487||007713312
300401027||007713037
300381972||007710534
300299842||007710275
1051647355||007707622
1065836759||007708777
300269013||007708599
300110553||007707908
300471777||007707134
1070801739||007707010
300111851||007707002
300006454||007704283
300011121||007704275
300160003||007703880
300129122||007702671
1097781984||007701411
1217419373||007700873
300080514||007699360
300122578||007698259
300430701||007695888
300175892||00769525X
300839367||007695233
300789181||007693303
1121142753||007691157
300204914||007688156
1226825567||00768813X
300054033||007688113
300190980||007688091
300054122||007688075
300054130||007688059
1076752276||007687087
300125631||007684207
30012564X||007684193
300281102||007681771
300337299||007680503
300269625||007679416
300048092||007679335
4454171-5||007675224
1225821614||007673620
4425567-6||007673329
120989548X||007671369
300025424||007669682
300496095||007669666
300039344||007665520
300584792||007662688
300148437||007660308
300854471||00765782X
1110073755||007656769
300159234||007655568
1079011099||00765555X
30021782X||007655541
300909535||007655533
300096453||007653557
300049854||007653433
300309244||007653352
300303335||007652860
7696019-5||007650078
1033625531||007646704
1030008655||007646690
4732150-7||007645457
1195663668||007645368
300144490||007636903
1138457280||007640625
300267142||007637209
300429061||007628536
300802285||00763093X
300107390||007626940
300440227||007626746
300006063||007626738
1104868601||007626479
300158459||007626452
300156782||007625480
1128098768||007625235
300115911||00762347X
116935615X||007620306
1095511513||007620128
300399545||007619278
300467591||007619197
300111762||007619170
122259790X||007616546
300771177||00761280X
300009267||007610041
300007248||007610017
300863063||007608330
107700902X||007608195
1135494088||007607105
1079225390||007606850
1190768550||007605021
1216068496||007600135
1216061424||007600127
300480865||007599765
300860099||007599374
300300158||007598068
300062311||007595603
300341180||007595581
300407580||007595573
300132484||00759545X
300140541||007591667
1108590942||007591128
300096003||007588119
300132247||007586833
300122454||007584415
300182805||007582919
300015690||007580851
4518490-2||007575548
300010788||007570406
300104863||007573006
300383886||00756984X
300010826||007569726
300450524||007568304
4411523-4||007568290
1051996066||007566557
300560745||007566484
4702942-0||007566468
300747373||007560265
300070179||007560257
300222467||007556608
300398832||007556551
1171929633||007553242
301011907||007550103
1213318475||007550073
1219668087||007550065
300062117||007548400
1121143172||007544022
1196238286||007543743
300008139||007543492
300006977||007543433
300256418||007543336
1160003599||007543204
300057881||007543190
1106360729||007541988
1174687525||007541961
1166345912||007541708
300038879||007540272
1096364719||007540213
300095414||007538316
300193181||007526970
1126599840||007522746
300046618||007520921
300179634||007520522
300066252||007520131
300358946||007520123
1161965432||007519974
300065760||007519729
1217668829||007517289
300066414||007515219
121505338X||007513356
300430361||007512201
1123243689||007512171
300868138||007512147
118627722X||007510772
300110154||007509995
1152012088||007509383
300206526||007509294
4703102-5||007508581
300175957||007507267
1102253723||007507216
300033176||007506325
300210736||007504977
1032135042||007497512
300008945||007497482
30083103X||007497466
1068898496||007497407
300141998||007497393
30014198X||007497385
300141971||007497377
300004087||007497326
300011156||007497237
300629400||007497202
1069970239||007497199
300306067||007497164
300433948||007497156
300569807||007497148
300201567||007497040
1067801421||007497016
1101967374||007497008
1159919380||007496990
1159927383||007496982
300016719||00749615X
300010982||007495560
1113680997||007495544
300006837||007495528
300008635||00749551X
300006225||007495501
300011547||007495498
300007205||007495471
30000611X||007495463
300010710||007495390
300011768||007495382
300260784||007495374
300006497||007495358
300012136||00749534X
300766033||007493762
300464002||007493592
300160348||00748691X
300016972||00748416X
300017316||007484151
300017588||007484127
300016085||007484119
30001550X||007484100
300015984||007484089
300207301||007482906
1183405723||007480415
1215210078||00747959X
300155271||007471742
7596275-5||007470924
1035421402||007469799
300017022||007468539
4428521-8||007468008
30001788X||007462514
300509715||007461720
300107064||007460961
300297238||007460880
1066354707||007460759
300109903||007460708
300110561||007460694
300036035||007459599
300747640||007459327
300102828||007457626
30010281X||007457502
300111789||007456794
300109059||007456751
300242980||007456735
300110537||007456719
300111827||007456700
300111770||007456697
300111835||007456468
300200765||007449151
116091270X||007448775
300283261||007448708
30010796X||007448694
300033818||00744804X
1135216266||007441258
4431656-2||007441029
30003413X||007439075
300201397||007437900
300898258||007432453
300213506||007428014
1097213781||007427980
300093381||007427921
1176583018||007422814
300204752||00742129X
300369581||007417608
300026781||007416350
1201324289||007416318
300124414||007414072
1052240550||007415354
300997043||007415346
121087489X||007412215
1141944251||00741109X
300008627||007409508
300746415||007409206
300149999||007408153
300166184||007408145
300919212||007407122
300037562||007406096
1079060073||007406088
300036914||00740607X
300112084||007400268
300111290||007400241
300049102||007395752
300108958||00739554X
300111797||007395531
1099124050||007384254
300157088||007378084
4689800-1||007378076
300052022||007366132
1140138227||007366124
300156367||007362293
300156693||007362277
300268165||007361866
1048418723||007351305
300452950||007351291
1124959858||007349874
300140312||007348002
300186037||007347979
300140711||00734791X
300142390||00734788X
300778848||007347871
300142307||007347863
300140940||007347855
1123318182||007347847
300140967||007347839
300140266||007347820
300182821||007347693
300141440||007347650
300142110||007347642
103504742X||007347561
300025726||007347286
300141130||007347227
300304153||007347006
4664014-9||007338015
300010699||007323085
300011016||007323042
300474350||007322860
7731224-7||007322720
1054440166||007322194
1106565770||007322003
300042361||007321961
300184778||007321023
1208235001||007320477
300560702||007320264
300560699||007320248
1181711312||007319509
1065392907||007318928
1121715818||00731891X
1182250777||007318898
1080270361||007318812
300616023||007318529
300131046||007318499
300151233||007317212
300213190||007317077
300380968||007315368
1147414882||00731129X
120357357X||007310234
300010990||007277318
1197699740||007178093
300792042||007112661
300194641||007111568
300008406||007110820
300685920||007110626
300045492||007108915
1057856126||007099975
300112106||007086261
300494696||007086202
300160062||007086199
300065140||00708563X
1037316061||00708501X
1134884508||00708482X
300115342||007083971
112299317X||007081324
1202980171||007081014
300928564||00708093X
300065124||007080212
300544960||007080204
1171585462||007080190
300140959||007080182
1050382625||007079338
1185521615||007078579
300562357||007077580
300475195||007076592
117623563X||007076495
300459092||007074700
1054357803||007074565
300195028||007073143
300253931||007071388
300102240||007066880
300103077||007066325
300204515||007066309
1126070378||00706294X
1201425026||007062389
1201169410||007057547
300170475||007057091
1131571827||007057067
300612338||007057032
1201136598||007057024
300598564||007056028
300908040||007055218
300213611||00705520X
30071114X||007055196
300914946||007055188
300311753||007054106
300367465||007053657
300116799||00705145X
300504160||007049528
300334443||007048831
300015844||007047924
1103499785||007047835
300914091||00704710X
300048114||007045565
300821832||007043899
300718519||007041209
300095171||007041187
300093616||007040806
300093667||007040792
300414986||007040784
300815883||007040717
1198979089||007038666
7858955-1||007037961
4588174-1||007036132
300102704||007035993
300094884||007035853
300217072||007032595
300303750||007028652
300092563||007027028
300514085||007025513
30004786X||007024495
1115212133||007024487
119700484X||007022212
300456824||007021194
1051816726||007021151
300169728||007021054
300389531||007021046
30027971X||007020643
1032791497||007020635
30040297X||007020627
300078285||007020619
300395620||007020376
300230796||007020309
300492332||007020287
300013809||007020260
300719876||007016476
300072910||006982166
300703325||006973981
300781008||006973973
1120158893||006973949
300145292||006969542
300460384||006968058
300492251||006964451
300072996||006964443
1054942153||006939457
300073089||006937896
1097787230||006937888
4577445-6||00693465X
300334613||006931596
300220057||006931588
300370911||006931529
300158432||006931480
300310692||00692932X
30021393X||006921809
300130481||006918379
1042482543||00691831X
300581246||006918301
300923120||006918298
300457537||00691828X
1127083635||006913644
300074093||006913636
300040350||006906370
300015925||006906109
1169259979||00690596X
300118104||006900070
4791881-0||006900062
1176065289||006896464
300749775||00689643X
1084357488||006896413
30023595X||006896405
300091958||006892787
30007980X||006891233
300161824||006888097
1139133780||006886469
300892608||006884733
1076056946||006884717
1191946436||006882129
30013083X||006880800
300121202||006880770
1108103839||006880118
300914385||006879985
300010958||006879470
1108560814||006877028
1164042378||006876951
1024793192||006873979
4619191-4||006871682
1079581391||006868460
300285256||006868444
300207336||006868436
300285264||006868428
300102038||00686841X
300658192||006868037
300213832||006868029
300383797||006865119
300122381||006864465
300326327||006864406
300360932||006864384
300028768||006864309
300121881||006863434
300121865||006863426
1115369342||00686273X
1075416132||006862675
300942230||006861628
301007470||006861458
1044872691||00686127X
300009941||006860834
300553641||006860508
300343108||006859682
300253532||006859585
300400896||006858201
1103836285||006858147
300724330||006857000
300064675||006856993
300206798||006856322
1159791406||006855776
300139365||006855474
1062590783||00685544X
30009941X||006855164
300255128||006854575
103180174X||006854559
300349815||006854540
1169593542||006854427
300512295||006854400
300261012||006853099
300658168||006852602
300658141||006852599
300013566||006852580
300122616||006851851
300007728||006851665
300006926||006851657
300111347||006850499
300097166||006842283
1188070398||006841988
30074546X||006841066
1108325521||006839819
300111207||006839754
300211791||00683924X
300025602||006837956
300407092||006837891
1076375421||006837727
30030448X||006837719
1080160337||006837522
30062865X||006836704
1151836257||006836496
1151836028||006836488
1033527165||00683020X
300825129||006821545
300024584||006820964
30032958X||00682062X
1185443150||006819680
30034127X||006819591
300047037||006819540
1063797748||006818013
300770863||006816126
300164750||006816002
300164726||006815987
300240104||006815944
300010559||006812430
1183817649||006811450
1183817304||006811442
300000863||006810934
1144188350||006810551
300820577||006809804
300329946||006807747
117317060X||006806031
300219148||006797709
300141955||006785956
1180452445||006785948
300524994||006780350
300343256||006774490
300020783||006770827
7649865-7||006770819
300868707||006770436
300065469||006770428
300566115||006767648
300426054||006767087
300249780||006764924
30077608X||006760627
300934378||006755054
300146884||00675435X
300023413||006753930
300190336||006753418
300354134||00675340X
1120547490||006753396
300257597||00675290X
300083955||00675287X
4549408-3||006752462
300037724||006751105
1128106930||006750583
30082226X||006748961
300353952||006748945
300896913||006747906
300823703||00674785X
300094329||006747574
1100563318||006746128
300826958||00674611X
300044275||006743943
300201419||006743617
30031583X||006742718
300833113||006742696
1083839411||006742599
1077656432||006742548
300754310||006742521
1176585207||006742297
7527103-5||006742289
300033362||006742165
30003380X||006742130
300201265||006742114
300033826||006742092
300033419||006742084
1151826715||006742033
1151421413||006742025
1140036475||006742017
1037458524||00674074X
300248253||006739636
300109873||00673880X
300717245||006738184
300701470||006738176
300758200||006738168
300149255||006735932
300146620||006735282
30036606X||006735274
300527721||006734847
300045042||006734839
300091834||006734553
300425120||006726852
300100019||00672678X
300498616||006726747
300858353||006726739
300202709||006724299
300929366||006723853
300121407||006722628
300633688||006719244
300149042||006719112
300033702||006717926
1117582728||006717365
104411844X||006717268
300619006||00671725X
1122755090||006717241
300474954||00671708X
300177623||00671689X
1124492925||006716849
1074001370||006712487
30018168X||006711995
1113902442||006709524
300120796||006707882
300155654||006706789
300152132||006699006
1081667540||006698964
300271263||006698107
1147872236||006697828
300787316||006694802
300235852||006691536
300092059||00669022X
7708254-0||006689256
300220316||006686079
1171562578||006685374
1031362142||006684106
1133508693||006683886
300357737||006683568
300038542||006682472
300198183||006682359
300037716||006679595
300403372||006676499
300144431||006675476
1138253111||006670407
300040377||006670253
300026390||006669166
300250312||006666159
300033834||006666086
300008236||00666296X
30012788X||006657710
30074515X||006655777
300239963||006655513
4416786-6||006653901
300290721||006653073
300094523||006652727
300170505||006651836
300148348||00665018X
300906110||006649661
300494777||006648479
1079564136||006648231
7748462-9||006648223
114054893X||006648215
300380682||006647677
1164729489||006647227
1049175956||006647154
1031522328||006644678
300326610||006644481
300164696||006644465
300267983||006644201
300130988||006643884
300123698||006643566
30012399X||006643558
1058201638||006643523
30029784X||006643299
300874987||006643175
300400217||006643167
1111665788||006642632
1131806913||006641946
300830521||006641598
300511485||006641393
1151582654||006639607
300613148||006639593
1153429411||006637175
300758030||006636357
300133626||006636284
300231571||006635172
300251475||006633331
30049923X||006633323
300139292||006632351
1160222185||006632319
1118781929||006632149
300685068||006631525
300448406||006631134
30023158X||006630545
300540930||006630405
300239815||006630340
300203640||006630227
300877307||006629679
1062582462||006627552
1166465519||006626963
1166465314||006626955
1166464857||006626947
300032714||006626890
300096992||00662619X
300898347||006625584
300235208||006624804
1112150102||00662412X
7617506-6||006624073
300368577||006623980
1069335843||006623972
300004109||006622771
1162077492||006620507
301026181||006620302
300218036||006620299
1075340489||006620256
300157703||006619096
1063689848||006619045
1076032869||006617816
1084345730||006617794
300064470||006616682
300140428||006616518
300508921||006616372
300108362||006616259
300003803||006616232
30003122X||006614728
300331762||006614698
1065269641||006614531
1160728941||006614507
300010303||006614485
1124627235||006613772
300825501||006613764
300846959||006612733
1165079925||006612296
300952643||00661048X
300156421||006609635
30019370X||006608302
4378329-6||006607721
300007868||006607233
300117167||006605303
1163764361||006604080
300107013||006603610
300124244||006602908
300333315||00660143X
30030577X||00660109X
300572778||006599753
300505736||006599664
300271964||006595545
300240112||006588859
300219849||006588786
1071876856||006587143
300508670||006587038
7606956-4||006586279
1075939194||006585558
300003757||006583148
300280432||006583121
300275331||006582699
300159501||006582680
300006942||006582192
300093837||006582060
4277221-7||006581730
300306431||006581676
30008787X||006581544
30054264X||006581528
300214510||006580874
1113754095||006580653
1129793168||006580599
300805713||006580432
30011558X||006579647
1101953721||006577423
1156872170||006576516
1139126148||006574890
300072988||006573827
4517180-4||006573738
300454929||006573479
1118752562||006573290
300020988||006572774
300447310||006572634
300868510||006571484
300373767||006570380
300157509||006565956
300091338||006565263
300422628||006565255
1160413304||006563546
300829515||006563511
300189486||006562108
300922809||006561292
300059329||006560865
300097190||006560695
300912676||006559786
30091170X||006559778
1037765362||006559646
300825935||006559247
1044747129||006559239
30005162X||006559220
300201877||006559212
300259158||006558135
1148151931||006557759
110452483X||006557023
30021149X||006557015
300083831||006557007
300084056||00655699X
300083920||006556698
300257457||006555918
300350015||006555349
1159594457||006554326
1143622022||006554229
300946457||006553958
300937946||00655394X
1128654504||006551890
300358369||006550185
301000816||00655010X
300999852||006549063
300756313||006548644
300069677||006547419
300140479||006547184
30026013X||006547176
300411480||006547141
300738218||006546986
300199902||006546706
1075460883||006545939
300121660||006545602
300758065||006544894
301007993||006542891
1065418876||006542603
300157207||006542514
300365942||006542476
300145837||006542387
1026702666||006542042
30101437X||006540716
300027389||006540279
300026587||006540260
300027222||006540252
1079582959||006540244
300165390||006540236
300015410||006539742
300143362||006539718
300143567||006539688
300850905||006538924
30012242X||00653886X
300833024||006538363
300042434||006536689
300354207||006530621
113222604X||006530613
300433670||006530605
300542399||006529089
1155618386||006527639
1069540862||006527620
300049080||006527612
300453019||006527582
300556780||006527574
300429754||006527566
300088973||006527531
300017790||006527523
300138563||006527515
300710348||006527507
300579845||006527493
1079671773||006525113
300794142||006525083
300124538||006525075
300670419||006524966
300889429||006524915
1054405565||006524516
300592957||006524508
300122233||006524176
300007825||006522351
300011199||006522300
7682279-5||006521568
300517424||00652124X
300149549||006520774
300003633||006518117
300007337||006518095
300314620||006517986
300591594||006516734
300425821||006516254
300396090||006516246
300103433||006515940
30010958X||006515819
300165927||006514456
1032745495||006514332
30054992X||00651409X
1067477861||006513433
300133960||006513387
300020732||006513352
1079354492||006512836
300642490||006511511
300165641||006511465
30016632X||006511368
300061358||006511295
300107897||006511139
300171595||006507514
300007310||006506909
300008961||006506895
300008287||006506887
1122207662||006506879
300956495||006506860
300009070||006506852
300011695||006506844
300360126||006506836
300009097||006506828
1144521602||006504515
300151330||006504485
7586832-5||006503144
30003346X||006499414
300005865||006496121
300214685||006495702
1055080678||006495575
300868456||006495508
300200048||006491146
300477228||006489605
300051573||00648784X
300575483||006486398
1047783630||00648543X
300157053||00648428X
300288913||006483380
300172168||006479057
300436947||006479049
4828424-5||006479014
300109156||006478859
30014914X||006478700
1074388143||006478492
300209126||006476694
300510780||006475841
300572867||00647540X
1136087966||006474209
300467540||006473644
300417411||006473598
1143841174||006472869
301000786||006472850
300064594||006472516
300281889||006470491
300009410||006469957
300149611||006469779
1151053864||006469248
1139070207||006468853
1072584905||006468764
1072584778||006468756
1072584700||006468748
1072584611||00646873X
30044026X||006468632
1110986955||006468551
1097612333||006468454
300891172||006467970
300271956||006467962
300891156||00646792X
300299303||006467687
4842212-5||006467342
300108265||006466826
300123760||006464645
300400047||006464513
300039913||006464505
300042590||006464483
1122659601||006463851
300216602||006463355
300370083||006462170
1150433922||006461425
300399502||00645979X
300737971||006458254
104464236X||00645822X
1042766266||006458211
1042762031||006458203
30072098X||006458033
1149861800||006456510
30046052X||006456006
300132077||006455964
300107889||006454267
1128923866||006454240
300009046||006454224
1064684629||006453465
1129194531||006453104
1149297204||006451705
300042582||006450040
30088088X||00644850X
30044771X||006448127
300862393||006446647
300858469||006445799
300200250||006445721
300048580||006445403
300853041||006445152
300932081||006445047
300080093||006444997
1059087022||006444962
4508150-5||006444482
300145144||006443753
1046173111||006442692
300969562||006442633
300829590||006441513
300002262||006441300
300067771||006441238
1148118837||00644119X
7740590-0||006440738
300264224||006436870
300127308||006436668
300070578||006436323
300616279||006436129
300739850||006436099
30011348X||006436080
1068476273||006436048
300345836||006435793
300554605||006435629
300321961||006435548
300123795||00643553X
300097808||006434509
300156863||006434487
300070624||006434479
1061222535||006432409
1145805329||006430562
300699433||006430228
300048319||006430198
1137291427||006430163
300011911||006426328
300384653||00642578X
1103476610||006425607
30004433X||006424740
300126700||00642449X
1144641535||006424023
1075771382||006423426
300141254||006423361
1144542669||006423353
1098219694||006423264
1132219299||006423248
1125949309||006423078
1080547207||006423043
300141122||006422489
7586820-9||006422179
300272596||006418503
300255373||006415660
30001337X||006415466
1054039364||006414508
1025871820||006414168
300017413||006413927
114307839X||006413765
104615253X||006397026
300053932||006396550
1022113380||006395090
30081433X||006393373
1066285020||006393365
300302037||006393020
300051123||006392407
1142170810||006390676
300140231||006390439
30024570X||006389112
300102682||006389090
300216653||00638613X
1141416018||006386083
300115962||006386059
300036337||006383661
30014105X||006382010
300808275||006381545
1140803026||006380158
30030675X||006379184
300532334||006378749
1080830774||006377785
300144601||006377084
1059563843||006377068
1140505866||006377033
1140500953||006376711
1140464094||006376150
301017727||006376134
1074309170||006376010
300958390||006375979
300579152||006375901
300111525||00637588X
300241291||006375863
300034857||006375847
300026714||006374948
103716427X||006374255
300086040||006372899
1140069829||006372457
300246773||006371914
300144075||006371906
300780249||006367852
300120613||006367666
4564138-9||006367526
300108850||006366961
300064500||006366929
30014461X||006366031
300836368||006364411
1139308939||006364322
1139306685||006364225
1139306499||006364195
300078218||006363709
300742673||00636280X
1135695679||006362613
1139179764||006362060
300322968||006361692
300235887||006361668
300008384||006361234
300120249||006360300
300001037||006360173
300104685||006359906
300315872||006359663
300060602||006359221
300116179||006358705
300175396||006358675
300118279||006358128
300060920||006358063
1098446755||006357539
1138574295||006356214
300014430||006355994
30042745X||006355153
30012239X||006351980
113772403X||006349595
30053082X||006348742
1078231117||006348319
300342438||006347576
300250134||006346871
1070491071||006346804
1117828611||006346782
300742703||006346685
1125484888||00634657X
300349106||006345662
300182864||006345654
300141866||006345549
300144717||006344798
300146841||006344739
1136986286||006339662
301017735||006338836
300629486||00633833X
300302029||006338259
300128266||006338194
1136931805||00633816X
300197349||006337740
300088612||006336078
300685467||006336051
300158017||006335810
300157975||006335802
300296029||006335799
106858467X||006334679
300395582||006332757
1136589708||006332749
113658952X||006332730
300096488||006331998
30006974X||00633198X
1136440739||00633184X
300434235||006330436
300701764||006328954
300231768||006323928
300004788||00632391X
300121199||006321925
300119224||006321291
300111584||006319963
301008663||006318142
300102216||006318096
1051322952||006316549
1075828260||006316425
300029748||006316409
300280025||006316328
30043331X||006316158
300475276||006316107
300659474||006315348
30014590X||006314171
300525265||006313361
300485484||006312373
1047822903||006311520
300433832||006309488
1063826055||00630947X
1127674978||006309461
30000978X||006309356
300168241||006307590
300168225||006307582
30016212X||006307493
1058381865||006305342
300017995||006304842
113254050X||006304699
1122073399||006304486
300008120||006303846
300350090||006302882
300350082||006302858
4417862-1||006302815
300033303||006302777
30063479X||006301738
300140630||00630172X
300008104||006300251
300008988||006300243
1092231625||006299881
300786794||006299776
300795882||00629958X
300064233||006299423
300483287||006299180
300175744||006299172
30034564X||006299148
300006748||006299032
300007523||006299008
300724829||006298370
1052612822||006297986
300548796||006297943
300251831||006297935
300172575||006297927
300881045||006297919
300199120||006297900
300110758||006297862
300095643||006297811
300317875||006297803
300422032||006297781
300401922||006297773
300171439||006297315
300827679||006297307
300170629||006297293
30076345X||006297285
1108124399||006297277
300170025||006297269
1059466724||006296998
106708701X||006296750
300235534||006296130
300015968||006295150
30029719X||006295126
300108273||006295002
1053954549||006294952
300414366||006294847
300533055||006294839
1074844602||006294812
300172613||006294286
300826583||00629426X
1066770409||006294251
300042892||006293085
300042809||006293077
1065395981||006292704
301023212||006292690
1131177096||00629264X
301007772||006292593
108906182X||006292585
1123041741||006292577
1024542734||006291503
1131081439||006291481
300168780||006290981
1065490151||006290973
300930836||006290957
1036522563||006290949
300167997||006290930
301001189||006290922
300786018||006290388
300584083||006290310
300473648||006290302
300528620||006290299
300219695||006290280
300240139||006290272
300426585||006289843
300137516||00628941X
300097913||006289088
300128517||00628907X
300588445||006288243
300896476||006287255
1130331822||006286194
300833431||006285554
1129883647||00628504X
300077742||006284736
300156626||006284728
300097816||006284701
300461984||006284507
30093792X||006283780
300206941||006283683
300127707||006282938
300463375||006281591
1129461807||006280994
300150482||006280978
300102666||006280625
300134916||00628017X
1120159040||006280005
1120039347||006279996
1129184595||006278108
30025010X||006277799
300193491||006277586
300260202||006277578
300387822||006277551
1084653265||006277543
300140614||006277535
300146809||006277497
300837550||006277470
30014685X||006277306
300648820||006276571
300763026||006276563
300008082||006276431
300009216||006276415
300009003||006275729
300402457||006275710
300698607||006275702
1038113199||006274986
300294395||006274218
7652087-0||00627420X
300330871||006274080
300907338||006273831
300213670||006273246
300125348||006272479
300385250||006272274
30012550X||006272266
1100197427||006272258
300986165||00627109X
1128174073||006269672
300331851||006269338
300552238||006269141
300029888||006268064
300359764||006268056
1127873377||006267165
111091802X||006267157
300139144||006267084
30041739X||006267076
300634234||006266851
300735146||006266843
30001502X||006266398
300015542||006266290
1101488018||006266118
300518595||006266045
300946481||006265995
1127771418||006265952
300323735||006265685
300385021||006265669
300019351||006265197
300161700||006265138
1046340670||006264476
30004738X||006264247
300017715||006263208
300016824||006262821
300024606||006262325
300032919||006262287
300695454||00626204X
300015518||006261841
300016239||006261647
300167709||006260462
1104863480||006259987
300112599||006258077
300242905||00625618X
300287615||006256147
300110421||006255868
1110799101||006255469
300213956||006255337
300108761||006255329
300327226||006255280
300064012||00625523X
4818940-6||00625408X
300606745||006253989
300007078||006253652
300143982||00625246X
300258461||006252451
300031335||006249418
300007159||006249124
1116741040||006248799
300358288||006248527
300241666||006247652
30033513X||00624663X
300135300||006242839
300108869||006242715
300139160||00624162X
1065250487||006241581
300234562||006238548
300619499||006237851
300140290||006236812
300316518||006235980
300080670||006235905
1063986346||006234259
300193246||006233317
300260865||006233228
300646445||006231160
30034208X||006230261
30054538X||006229565
300969651||006229530
300890109||006227708
300394713||006227627
112442296X||006227449
300580665||006226906
300413130||006226388
300031327||00622606X
30019935X||006226043
300105541||006226027
30070884X||006225209
30007915X||006225195
300141920||006224296
300079206||006223869
300005415||006223451
4432719-5||006222943
300231830||006222560
1095520385||006222358
300910304||006219705
300431015||006219691
300347618||006219675
300805845||006219136
300489463||00621875X
1123751900||006218709
4559937-3||00621858X
300227671||006217419
1036608743||006217400
1108583989||006217044
300463014||006216188
1123538654||006215777
300017812||006214533
1123292477||006213812
1123174806||006212808
1070038075||006211909
300613563||006211143
4707438-3||006211135
300579918||006211127
300119232||006211100
300092881||006210937
1061041565||006210678
300542747||00621004X
1122869010||006209769
1122868375||006209750
300251637||006209726
300223161||006207618
300266871||006207383
300194633||006207324
1122658613||006207278
300516355||006206786
300447205||006206034
300177089||006205658
300097018||006205526
300009135||006204147
30089936X||006202578
300132956||006199089
1084363054||006198775
1084363305||006198767
1084361426||006198759
300295308||006197876
300016603||006197795
1069362662||006195245
300585934||006194060
300301588||006194052
300205465||006192645
300877072||006192564
30035939X||006191711
30032314X||006191703
1120316820||006191215
1120316065||006191207
1120313406||006191177
300167555||006189806
300013620||006189768
300201281||00618975X
300033427||00618944X
300122993||006188303
300158270||006186432
1064758630||006186319
300146019||006185797
1071152718||006184219
111915989X||00618393X
300060335||006183425
300047460||006182658
300047886||006182623
300301383||006182593
300239890||006182585
300047347||006182577
300048432||006182550
300047517||006182038
300139985||006181457
300139128||006181449
300108877||006181392
300107560||006181112
300107552||006181104
300107579||006181090
30011107X||006180485
300111061||006180477
300110995||006180434
300035861||006179630
300001703||006179312
300466277||006179266
300017006||006178936
300017014||006178189
300334001||006177298
1117816354||006176569
1117594246||006175422
1117592820||006175392
300500718||006174523
300613113||006174051
111724170X||006173349
1117236498||006173144
300072708||006173063
300352247||006173039
1117233278||006173012
1117091627||006171400
1031528660||006170579
301021643||006170560
1116750155||006168655
300583680||006167330
1078963053||006167179
300309961||006167071
1061160173||006167063
300049862||006167020
300201710||006166350
30031132X||006164587
1116353202||006164501
1116353075||006164498
300708262||006164471
1075200962||006163874
300349998||006162711
300174837||006162266
300190646||006162223
4418277-6||006161235
1058694588||006161200
1115734393||006161170
1063180414||006161154
300045638||006160956
300290500||006159982
30092707X||006159184
300153058||006159168
300982348||006158765
300330383||006158463
300330375||006158455
300312903||006158447
30027288X||006157181
300078587||006157157
300099819||006157114
300624956||006156525
300545673||006153496
300222483||00615347X
300150989||006153461
300150970||006153453
300150962||006153445
300150954||006153437
300269137||006153429
300791798||006151213
300761139||006151205
300158025||006150381
300009283||006149812
300009224||00614697X
300348754||006146481
300896921||006146422
300026986||006146252
300134932||006146244
300559631||006146228
301029105||00614621X
1029673322||006146171
300109008||006145795
300523750||006145302
300235488||006145299
300757824||00614506X
300175523||006145051
30024102X||006145043
301022739||006144829
300974434||006144713
1082218286||006144675
300380941||006144012
1114084913||00614375X
1114083224||006143660
300539150||006143563
300808259||006143121
300161050||006143024
300145438||006142184
300484399||006141056
300520433||006140572
102909019X||006139825
300836309||006139744
300014953||006139728
300091818||006139590
1113556072||006138748
300028679||006138691
1113306653||006137652
107092492X||006136753
1113124431||006135374
30086907X||006135315
300146590||006135285
300567782||006135226
300055684||006135145
300425252||006134246
300419791||006134203
300392524||006131506
1112746927||006131476
1112682740||006130569
300070152||00613016X
1072420953||006129900
1080928081||006129889
300106866||006129684
300787022||006129633
300024797||006128459
30001662X||006128408
300109113||006128386
30058587X||00612836X
1112562966||006128300
300490585||006127789
300358490||006126685
300746040||00612657X
300358261||006126561
300114656||006126553
300746024||006126537
300250444||006126529
30006439X||006125255
300064381||006125247
300091923||006122868
300109466||006122310
1112049894||006122221
300019300||006121810
111181760X||00612111X
300276745||006120806
300172257||006120784
1111586101||006119786
1111578621||006119581
300760892||006119395
300531044||006119182
1043822526||006119158
300535198||006118828
300059981||006117945
1054788529||006117430
300472897||006117090
300407998||006116655
1110921039||006116507
1110913907||006116027
300285760||006115535
300128177||006115519
300339453||006113702
300151829||006113680
4508379-4||006111777
300032471||006110843
300132891||006109594
1033535257||006107842
300955332||006107524
300360703||006107486
30019711X||006106412
300264704||006106293
300549989||006106285
300436432||006106277
300130562||006105750
300172184||00610469X
300213816||006104681
30050859X||006104673
300354177||006104665
1107032156||006104576
30010894X||006103839
300206712||006102956
300569564||006102727
300533772||006102409
1106412877||006102255
1097421376||006102204
1106406079||006101976
300435428||006101895
300024770||006101860
30065359X||006100759
300072872||006100198
300072821||00610018X
300350023||006100171
300144547||006099610
300197292||006099556
300486200||006099467
1093207175||006098800
300855117||006098797
300003617||006098347
30006425X||006097464
300673876||006095968
1053953763||006095933
300972032||006095909
300239769||006092403
300267231||006091946
300049838||006091865
7597869-6||006091679
300154046||006089941
110382631X||006089933
1103712314||006089070
300019432||006085253
1103247808||006084257
30083568X||006084249
300232209||006084214
1103239813||006084168
1103236679||006084095
300498985||006084087
1070492183||006083404
1103160176||006083358
110315978X||006083315
300101597||006080677
300115296||006077420
300111932||006074162
300235313||00607295X
300053908||006072925
1101961058||006072348
300158262||006070892
30001659X||006070426
1101487917||006069274
1024187802||006069096
110138946X||006068464
30012824X||006066771
1100887024||006066224
300384300||006066208
300042027||006065511
300381891||006065341
300179650||006063802
1100563709||006063756
300138393||006059465
300414323||006057705
1100066667||006056075
1048690466||006056032
1065912536||006056024
1099988926||006055427
1099962153||006055001
300101481||006052630
300301863||006051332
300126581||006051308
300010567||006051049
1074429109||006047912
300252331||006047335
30025041X||006047300
300222440||006046851
300423772||00604672X
300618816||006046711
1098350820||006046681
1080210873||006046649
4143729-9||006046584
300208251||00604655X
300352492||006046266
300352506||00604624X
4428062-2||006046223
1084363488||006046193
300014961||006044956
300070349||006043682
300922086||006043399
1097763714||006043380
1097761746||006043313
1097761797||006043305
1024188191||006041906
1093416521||006040306
1097232301||006039421
300266537||006039219
300009755||006038298
300197330||006038123
300196504||006037755
300211333||006037577
300033389||006037348
301025134||006037151
300100256||006036376
1026247071||00603585X
30094022X||006035841
1096337754||006035833
1096337207||006035817
1096337150||006035795
30000933X||006034780
107389097X||006033377
1095893009||006032869
1059089505||006031978
300009674||006031536
300189508||006029302
300142706||006028756
30003539X||006027733
300108222||006027725
300109768||006027717
4390758-1||006026826
300026641||006026559
300026811||006026540
1094903302||006025501
1094895032||006025463
1094887129||006025412
300010923||006025307
300430256||006024467
105808240X||006024432
107022118X||006024343
300011423||006023886
30001158X||006023746
300344155||006023703
300829779||006023614
300545002||006023142
300119062||006021018
300029713||006020593
1093414715||006020267
1093414421||006020259
300017901||006019943
300080697||006019927
300430264||006018157
300220391||006017932
300120745||00601786X
300444893||00601674X
300102224||006016642
1051072875||006016375
300022069||006016340
300384599||006015751
300388829||006015743
109091444X||006015239
300108230||006014410
300132433||006012582
300047959||006012574
300926073||006012558
1088795161||006012299
1088795021||006012280
1088794661||006012272
1088794602||006012264
1088794483||006012256
1088794319||006012248
1088793983||00601223X
1088793541||006012221
108879310X||006012213
301022100||006011128
301022097||006010881
300175787||006010814
300644787||006010784
300399790||006010768
1037925394||00601075X
300376693||006010067
300377398||006009700
7617635-6||006009522
300245173||006008747
1022964720||006005306
1085148955||006005101
300120443||006002242
300132700||00600203X
108461751X||006001661
300971672||005999405
1046372920||005998409
300027052||005995523
300140320||005995205
300050895||005994535
300483112||005994519
1082779296||00599442X
1082560863||005993288
1082526150||005992427
300290616||005991390
30001029X||005991285
1060643901||005991129
300548443||00598887X
1047228165||005987989
300116004||005987342
1082136069||005985439
1082136026||005985420
300070314||005984386
4508367-8||005983886
300075324||005983800
300016735||00598369X
300742886||005983681
30086812X||005982650
300006403||005979870
300006438||005979609
300120575||005978645
1074854462||005973597
4791737-4||005973449
300019629||005972450
300121822||005971136
30015173X||005970962
300747713||005970768
1036966232||005968046
300124317||00596704X
1066219265||005967015
1080568646||005965934
1080503137||005963869
1080399410||005963095
300033966||005962722
300031874||005962536
300677812||005961939
300016638||005960339
300277148||00595892X
30001127X||005957966
1033123455||005957508
1079873937||005957435
1079823085||005957001
1079822720||005956986
300092776||00595651X
300132549||005956242
300092784||00595620X
1079724214||005956196
1079723463||005956188
301024480||005956048
300516576||005955858
30059223X||005955505
1058880071||005954940
301005532||005954878
300012780||005954363
1079532528||005953332
300981562||005953286
1079423818||005952034
107942346X||00595200X
1079423168||005951941
1079422099||005951844
300150806||005948886
300529074||005948878
300132867||005946425
30054961X||005945801
300127464||005945569
300009720||005942322
1064327834||005941814
301008086||005940559
300432917||00593866X
1078417288||005938627
30019496X||005938503
7674433-4||00593821X
300235712||005937590
300041683||005936969
300719779||005934974
300805896||005934532
300094256||005932971
300202695||005932513
300360827||005932440
300028695||005932432
300287542||005932424
1077937156||005932106
1051590280||005932009
1077934548||005931924
1077932324||005931800
107793159X||005931797
300172222||005931606
300238509||005931592
300096461||005931223
300626037||005931215
300157533||005931207
300319304||005931193
300016026||005930634
300436955||005929547
107777365X||005929504
300208189||005929385
30024536X||005929334
1077661630||005928494
300580770||00592832X
300447531||005928265
300042078||005927897
300006853||005927730
300042086||005927609
300016042||005927544
300189877||005926653
300118740||005926610
300586418||005926602
300065752||005925452
300911106||005924928
300058810||005923832
1077339305||005923166
1077226845||005921813
300170521||005921554
30024696X||00592152X
1077201036||005921244
300127987||005919878
301015929||005919207
300064799||005918626
300032838||005918618
300362722||005917794
1052943128||005917786
300101864||005916151
300064705||005915821
300064284||005915813
300065213||00591423X
300363249||005913861
300060378||005913276
1059706970||005912091
300094906||005911990
300388284||005911761
300033524||005911745
1076415423||00591048X
30002567X||005910315
300094809||005910277
300469373||005910250
1076381103||005910021
301003947||005910013
300828209||005910005
107637929X||005909996
300855745||005909805
300016654||005909392
107633119X||005909252
1076327664||005909236
1076245927||005906857
300777043||005906148
300220189||005905990
300074611||005905672
1025431782||005905656
300060254||005905435
300363508||005904188
1076045367||005904129
107594225X||005902894
1067081682||005902347
300042728||005900107
300094108||00589915X
1075763266||005898617
1052152198||005898587
300756526||005898420
106834198X||005898358
300107641||005898072
300060084||005898064
300151985||005896061
300542283||005894999
1027302807||005893631
1075479177||005893011
1049217705||005892961
300803621||005892171
300274777||005892139
300299451||005891876
1075344344||005890888
300637578||00589087X
30029073X||005890861
300491492||005890853
300891229||005890845
300308701||005889669
1075213096||005889073
1075212812||005889049
300245238||005888751
300459572||005888735
300425201||005888077
300305613||005888026
300398840||005887976
300412258||005887933
300231903||005883954
300016557||005883946
300290268||005883938
300064578||005883903
300571895||005883660
300219172||005881714
300892233||005881420
1074379764||00588098X
300205163||005880971
300577079||005880025
300148127||005879884
300513542||005879795
300121555||005878500
1074284445||005878462
300383932||005878446
301026904||005878438
1053625650||005877695
300207875||00587730X
1074225627||00587727X
1074223020||005877229
1074220900||005877148
7617172-3||005877040
1074213467||005876982
107420042X||005876907
300269684||005876613
1073873064||00587629X
1074145321||005875889
300025564||005875668
1050702573||005874084
300513771||005873185
1064887473||005871549
1073880281||005869803
300026552||00586948X
300306407||005865980
300427174||005864623
1073562131||005862418
1073561410||005862388
1073560856||005862353
1073560333||005862299
300843186||005862272
300843178||005862248
1073558584||00586223X
1064910742||005862205
300843208||005862175
300843151||005862116
300843143||00586206X
1073550680||005861993
1073550249||005861969
1073549798||005861942
300843194||005861926
1073548627||005861845
107354771X||005861837
1073541797||005861810
1073540243||005861799
1073539032||005861756
300310366||005861403
300467524||00586139X
107332639X||005860822
300036302||005860008
1073311953||00585993X
300098901||005856256
300262345||005853877
1072833964||005853842
1072833166||005853834
1037803523||005853826
1072832526||005853818
1072831740||00585380X
1072831325||00585377X
1072831023||005853761
1072830884||005853745
1072830477||005853729
1072830388||005853699
1072830345||005853680
1072830191||005853656
300035454||005853036
1072792591||005852560
300400608||005852528
300127820||00585251X
300145845||005852269
300431740||005851793
300111177||005851653
300132387||005850444
300132662||005847079
30095736X||005847060
300331339||00584679X
300300204||005846773
1072555417||005846714
300115318||00584634X
1072419122||005844088
300381913||005843561
1072394359||00584293X
1072322390||005842093
1072308177||005841933
30052742X||005840902
1072115840||005840759
300313551||005840414
1046877259||005840104
4600455-5||005839874
300016492||005839300
1071966448||005838789
1071966154||005838762
300403178||005838754
300208170||005838479
30000849X||005838096
1071862227||005838053
102727322X||005838045
300509510||005837847
1071670417||005836182
300516258||005836174
1071574043||00583614X
1071574264||005836131
1071574906||005836123
1071575511||005836115
1071575759||005836107
1071670670||005836085
300078994||005835747
107157745X||005834082
4830096-2||005833639
300126956||005831121
300463405||005830230
300196261||005830214
300101953||005830206
300145470||005829097
30014654X||005829062
30080850X||005829054
300144725||005828120
300731949||005826373
300141386||005825598
300028482||005825555
300025807||005824648
300018991||00582463X
300690509||005824613
300829302||005824583
300659253||005824494
300396422||005823218
300097204||00582320X
300065655||00582317X
300022344||005823102
1070500623||005822505
1070500437||005822483
1070494828||005822033
300472234||005820472
1070404373||005820464
300922043||005820413
1070357308||005820049
300150911||005819156
300283857||005818753
300009836||005818664
300009844||005818621
300393121||005818435
300273223||005817277
1033317217||005817129
1070181994||005816602
30060727X||005816386
300808496||005815983
300118228||005814731
300391102||005814723
300580967||005813867
300109598||005813859
300079117||005813840
300170580||005813603
1065407270||005811988
1065407602||00581197X
1069792632||005811627
301014620||005811597
300020910||005810965
300118481||005810027
1069644870||005810019
300213026||005808219
1069555487||005808081
300135092||005807565
300076215||005807506
300372620||005807484
300144563||005807476
4469366-7||00580650X
300585381||005805988
300546572||005805384
30035360X||005805376
300176996||005805368
300146515||005804604
300066155||005803950
300177100||005801699
300309562||005800536
300381921||005800528
300592140||00580051X
300592159||005800501
1069142069||005800471
300157576||005800153
300323506||005799155
300019289||005799031
300298595||00579837X
1068722967||005794927
1068721774||005794919
1068722150||005794900
300442912||005794854
1068680652||005794684
1068679433||00579465X
300216408||005793157
1068614382||005792932
300517319||005792835
300025157||005790859
106837960X||005789478
106830698X||005787270
1068291273||005787041
1068252758||005785936
1068222840||005784875
300177119||005784182
300456204||005784158
300381026||005783607
1068190310||005783437
106817594X||005783151
30009082X||005781965
300869312||005781892
1050988248||005781833
300999577||00578154X
300582595||005781507
300103484||005779162
300103514||005779146
300103506||005779081
30010345X||005779065
300103492||005779022
300103522||005779006
300103476||005778980
300103468||005778964
300103530||005778913
300103344||005778891
300358415||005778875
1067857567||005778859
300103557||005778832
300103336||005778816
300103360||005778794
1067799249||005777879
1067798714||005777852
106778893X||005777801
1067786287||005777771
300109784||005776880
300582811||005776716
30058282X||005776686
300069421||00577571X
1067605975||005775671
1045718432||005775647
300103085||005775639
1067599304||005775620
1065181876||005775612
1067597255||005775523
300059949||005774128
300577877||005773725
1033015288||005773717
1067450505||005773652
300385811||005773296
301013152||005772575
106726972X||005771617
1067267298||005771552
1067267042||005771544
30059805X||005771528
1067266070||005771498
1067265546||005771471
300005725||005770041
1031636501||005769566
300031777||005769515
1067127011||00576873X
1067109889||005768667
1067108467||005768659
1067108157||005768624
300419937||005768330
300024592||005768314
1067093699||00576825X
1067084223||005768004
300020457||005767830
300007329||005767059
1067009604||005766729
1067008241||005766699
1067008462||005766680
300559380||005765773
300847971||005765145
300111401||005764645
300749740||005764459
30028201X||005764289
30028229X||005764262
300110456||005763169
300817266||005763150
300794509||005761972
1048747980||005761816
300200013||005761328
300447752||005760755
1066486727||005760739
106648631X||005760720
106648676X||005760712
300081367||005760631
1066482926||005760607
300219024||005760488
1060126745||005759498
300678703||005759188
300042485||005759153
1136343822||005759145
300626266||005758475
300321007||005757274
300415788||005757266
300718381||00575593X
300262353||005754577
300123930||005754569
1065850093||005754550
300107722||005753961
300141912||005706505
1065718810||005706467
300151209||005705835
300065590||005705096
300017243||005704596
300160615||00570457X
300872178||005704553
300688911||005704022
300089791||005703247
300730462||00570314X
106534371X||005702755
1065341857||005702682
1063009995||00570264X
1059364557||005702615
300300115||005700868
300106998||005700841
300634706||005699363
300475349||005699037
300110448||005699029
300165544||005698987
300014848||005698081
300531036||005697875
300010702||005697816
300009518||005697751
300013817||005697689
300036930||005697174
300343477||005696542
300108699||005696283
1064911609||005695724
300301359||005695473
300780745||005695198
1064863337||005694450
106477931X||005693071
300139101||005693012
1064773346||005692725
1062627539||005691974
300007132||005691354
30022236X||005689708
300300697||005689120
1064633900||005689023
300016506||005688671
300890206||005688663
300215886||005688647
300616244||005688523
1064607985||005688469
300126883||005688388
1064607608||00568837X
30011527X||005687713
300450249||005687527
300124597||00568689X
1064283497||005686377
1064283403||005686369
300129971||005685532
300037481||005685419
300507496||005685079
30050750X||005685060
300568282||005685052
300196547||005685001
300140029||005684986
1064174396||005684862
300399960||005683882
300042442||00568384X
300024568||00568322X
300088671||005683157
300358210||005683122
1063973783||005682568
300140045||005682215
300347383||005682207
300966679||005682193
1063823676||005682185
300694822||005682118
300669712||005680891
300486081||005680735
4789242-0||005680182
300006640||005680174
1063818192||005680026
1063818230||005680018
4355241-9||005679958
300091850||005678765
300575289||005678722
300527918||005678447
1063750717||005678072
300001665||005676754
1063667585||005676681
300108966||005676622
106366537X||005676592
300577974||005676096
300016700||005674328
1056889101||00567428X
300033842||005674085
300124090||005672430
300077491||005672171
300448864||005671779
300064217||005671752
300676328||005671744
300257546||005671728
300003978||005671477
300199791||005670829
300079184||005670802
300530781||005670799
300245637||005670780
105938194X||005670438
300125887||00567042X
300024541||005669995
300013558||005669901
30015741X||00566988X
300206399||005669758
300407262||005668107
300402791||005668093
30074157X||005665779
300026943||005664705
1061224813||005663571
300042035||005663504
1061224554||005663458
1061222616||005663377
1061216322||005663229
1061212823||005663148
300125569||005662869
300030924||005660491
300181647||00566005X
30001676X||005660041
300018649||005659507
300138962||005659493
300111703||005658691
300280092||005658640
30053468X||005658446
300213425||005658012
300911475||005657237
1060525070||005656664
300156529||005656273
300222319||005656265
300191707||005656257
1060466465||005655900
300150865||005655412
1060420996||005655234
300007914||005654629
1060272644||005583802
300008759||005582636
300123183||00558261X
300008821||00558180X
300481233||005581796
300600690||005581761
1059955644||00558051X
300627343||005578906
300007108||005577217
300436971||005577136
300130619||005575915
300510225||005575907
300260083||005575419
300026536||005575400
300015291||005575397
300018681||005575389
300539789||005575028
300844700||005574994
300437692||00557465X
300156278||005572800
300246781||005572436
300171765||00557241X
300126662||005572053
300403313||005570670
300137281||00557062X
30032247X||005570581
300123701||005569907
105899851X||005569133
1058996827||005569087
1058996819||005569079
300204744||005568250
300013388||005568242
300092156||005567033
1057899607||005566932
300209320||005565715
300105738||005564913
1058850121||005564867
300519869||005564360
300073038||005564352
300127812||005563577
300907648||005563550
300832052||00556347X
300832095||005563453
1058766120||005563437
1058766236||005563429
300026846||005562163
300027060||005562147
300062699||005562139
300873212||005562120
1058612352||005560519
1058577832||005559618
300107706||005558476
300146787||005558336
300508603||005556929
300213824||005556805
300276753||005556783
300042248||005556775
300835825||005556740
300223013||005556201
300271638||005556163
300904320||005555388
300009178||005554497
300305451||005553741
300436327||005553733
1058040766||00555344X
1058040472||005553431
1058035800||00555327X
301019959||005553261
1058034987||005553253
300920660||005553008
30073932X||005552966
300157282||005552699
300437862||005552192
300948573||005552109
300191081||005552079
300881487||005552060
300191030||005552052
300257627||005552044
300202342||005551889
300009682||005551692
300016964||00555165X
300016999||005551641
30015805X||005551633
1057029858||005551285
300027230||005549426
300111053||005549205
300027257||005548594
300297750||005548152
30002651X||005546095
1056075112||005545854
300134010||005545242
300191723||005545196
300145330||00554517X
300895364||005455324
30021636X||005455316
300019726||00545526X
300975430||005454093
300760809||005454069
300020422||005453356
300017448||005453348
300013574||005452562
300041829||005452554
300013434||005451183
1054451370||005448956
1054447497||005448816
1054443122||005448727
1054433593||005448573
300016859||00544764X
300127499||005447461
300254814||00544635X
300102305||005446309
1054241856||005446120
300109431||005445841
300111096||005445825
300124554||005445590
300763417||005445361
300215665||005444519
1043940790||005443393
300080476||005443091
300434618||005443083
300242948||005443075
300620683||005443040
300510330||005443032
300121903||005442877
300015305||005441765
300141483||005441757
30028649X||005438888
30036248X||005438136
300100035||00543811X
300019130||005437873
300074816||005437148
30014010X||00543713X
300837399||005437121
300025572||005437113
300025556||005437105
300159129||005435250
301024553||005434084
300108893||005433746
300246757||005433738
30021734X||005432871
300102674||005432855
300110367||005431689
300158041||005431638
300110375||00543162X
300110227||005430380
300297726||00542982X
300741049||005429781
300142285||005429382
300446969||00542934X
300019254||005429323
30010412X||005429307
300099614||005428807
300446993||005428793
300155344||005428777
300146140||005428750
300110251||005427975
300110243||005427967
300110235||005427959
300110219||005427932
300013310||005427614
300464096||005427606
300107803||005425719
300084080||005425573
300146736||005425565
300165684||005425530
300064977||005425018
300573189||005424798
300156472||005423716
300311877||005423295
300206968||005423007
300155719||005422477
300109148||005420393
300176910||005419913
300239777||005419301
300139225||00541928X
1052093841||005419077
300134045||005418437
30006571X||005417619
1051995787||005417147
300821824||005415985
1051898528||005414725
1201774101||005414377
1051890691||005414253
300206739||005413508
300065434||00541315X
1051810043||00541296X
300141432||005412641
300114168||005410932
1051604095||005409306
300013736||005407923
1051483670||005407591
1037662032||00540665X
300137443||005406269
300103581||00540584X
300188285||005405297
300102542||005405173
300533918||005404452
300531052||005403472
300349270||005403391
1051021006||005402255
1051015820||005402077
30020843X||005400627
1050968484||005400406
300194951||005398991
1050862244||005398738
30005453X||005398096
301005478||005397758
300537816||005397383
30100448X||005396638
300324154||005394473
1050440080||005393728
300124112||005392144
300156227||005392004
30013262X||005391458
300565828||005391415
105027296X||00539127X
1050231236||00539077X
300615248||005390664
300097980||005390052
300625049||005389739
30000348X||005389623
300129076||005388082
300013604||00538804X
300013515||005388031
300010044||005388023
300013426||005388015
300190352||005387515
300129068||005387507
30037979X||005385342
300069693||005385334
300220332||005384761
300007442||005383609
300008309||005382947
300399677||005382890
300897014||005381797
1049677803||005381126
300263384||00537992X
300156537||005379164
300140118||005377358
300274068||00537734X
300060114||005377331
30019501X||005377315
300182910||005377307
300301154||005377293
300721315||005375495
300029942||005375479
30014962X||005374405
300148402||005371953
300246862||005371945
300146507||005370876
300148453||00537085X
300148461||005370841
300186258||005370825
1049221974||005370329
300739427||005369991
300912269||005369835
30014847X||005369290
300442602||005369282
104917481X||00536843X
300110383||005367077
300208162||005367042
1048760286||005366984
300094035||005366976
300862385||005366062
300018142||005366046
1048631567||005365910
300924143||005365635
30002715X||005365597
30062655X||005364205
300161514||005364108
300146000||005364094
300110065||005364086
300145993||005364043
300488602||005362946
300005369||005362245
300890222||005362113
300144970||00535949X
300465394||005359481
300149247||005359465
300145578||005359457
30014587X||005359449
300144822||005359422
300144938||005359414
300145764||005359392
1048288781||005357942
4664964-5||005354706
300009925||005352959
300009917||005352940
300009909||005352932
300009895||005352924
30092951X||00535224X
30001645X||005350379
300110332||005349222
300165293||005349206
300157827||005349192
300023049||005349184
1034038672||005347327
300070136||005346169
300125798||005345766
300125585||005345758
1047778963||005345545
1047767686||005345030
104771809X||005343895
4688259-5||005342732
300973845||005342724
300449240||005342554
300829930||005341604
300301758||005341590
300234511||00534154X
300829744||005341523
300144253||005341167
300033079||005339871
300140347||005338565
300134207||005337313
300858655||005337275
300033435||00533716X
300911491||005336791
1047323389||005336708
1047322404||005336600
1047305097||005336139
300128207||005335337
300167849||005335159
300167938||005334985
300116853||005333741
300296290||005333695
300336152||005333598
1047176475||005333199
300342500||005332982
1047137488||005331870
1047133776||00533165X
300180829||005330890
300027141||005330300
300111088||005330025
4466037-6||00532985X
300119267||005329779
1047066467||005329337
300194854||005328748
300201249||005327067
300316879||005327040
300241836||005327032
300580258||005327024
104692639X||005326435
1046901672||005325994
1046901400||005325986
1046869434||005325277
30000592X||005324955
300684592||005322472
300006861||005320232
300015593||00532016X
300015585||005320151
300015577||005320143
300220278||005318432
300141092||005316553
300097964||005316529
300066651||005316472
300156685||005315255
300891911||005314763
300142781||005314496
300110162||005314453
300110170||005314445
300044933||005314283
300619928||00531416X
300016050||005313430
300109296||005313422
300054181||005312914
1046341901||005312868
300158173||005312671
1046328239||005312663
4442989-7||005312604
1046321773||005312485
1041689780||005312329
1046301373||005311810
300682913||005311799
301028133||005311780
300323727||00531139X
1046281615||005311365
300192525||005310164
300305885||00531013X
300434502||005310091
300139349||005310083
300450540||005310075
300261020||005310059
300296193||005309476
4849641-8||005309247
1032195843||005308844
300233949||005308739
1046088211||005307120
300110766||005306353
300264313||005306256
1038293375||005304393
300231547||005303702
1045897965||005303680
300135858||005302439
300181671||005302412
7652634-3||005301467
1045620351||005300525
300720963||005300363
300073011||005299802
1045587060||005299691
1045587001||005299683
1045507822||005298725
1045504602||005298652
300268718||005298202
300074212||005298199
300108915||005297877
1045397695||005297842
300580053||005297672
30035374X||005297265
1045265470||005296676
1045253065||005296560
300086377||005295564
1045172960||005295513
300156510||005295394
1038590191||005295149
300419392||005294681
1045122653||005294673
4416943-7||005293332
300108729||005291399
1044846569||00529116X
300488289||005291143
1044767006||005290279
300851278||005290260
1044765771||005290252
300781679||005289904
301023174||00528984X
1044742879||005289750
1044739231||005289653
300636318||005289637
1044693010||005289505
1044646160||00528824X
300486553||00528791X
300115644||005287901
300332610||005287898
300241305||005287081
300125852||005285259
300509847||005284287
300414803||005283450
300140754||005283442
300311885||005283388
300139764||005282993
301024286||005282950
1044333464||005282799
300112165||00528239X
300566425||00528175X
300264135||005281288
1044095636||005280702
300923082||005279453
300335393||005279348
300699506||005279003
300041721||005278902
1043833765||005276381
1043827927||005276276
300235070||005276152
30023421X||005276136
30100272X||005276098
1043823530||00527608X
300829760||005275628
300751028||00527561X
300053940||005275075
1043677577||005275067
300862431||005275040
300931107||005275032
300214731||005274648
300862377||005273986
300016727||005273757
300329806||005273315
300395426||005272734
30004173X||005272262
300531109||005271207
300242050||005270812
1043584498||005270782
1043584439||00527074X
300166354||00526992X
1043521984||00526975X
1043520791||005269636
1043520538||005269628
300253745||005266327
300013795||005266319
300353928||005266300
300232268||005266297
300253729||005266289
300415796||005266262
300387032||005265878
104323148X||005265851
300026145||005265304
300013493||00526474X
1043054677||005264308
1042986541||005262860
300114222||005262720
7676059-5||00526264X
104295366X||005262305
300107153||00525700X
1042472289||005255988
1042470049||005255945
300145721||005255848
1042336504||005255287
1042313873||005254159
300636881||005253713
1042220468||005252547
1042216908||005252458
1042213615||005252415
300295367||005252377
300156723||005252024
300017510||005251958
300111266||005251796
300210949||005251788
300111258||00525177X
30011124X||005251761
300135815||005251494
1041906390||005250110
300276648||005249023
300019270||005248981
1041833105||005248744
300110014||005247861
30006781X||005247713
104169217X||005247691
300234775||005247381
300007701||005246687
1041616864||005246598
300067747||005244587
30074305X||005244552
1038810361||005242738
300499442||005242711
300168063||005242681
1038801087||005242673
1038776287||005242126
1038699029||005241189
300422539||005241154
300015348||005240824
300970676||005240719
300536615||005239796
300103395||005239036
300106904||005238773
300309414||005237246
1038394287||005237211
300230737||005236452
1038292026||005235820
300272545||005235405
300370857||005234166
4457850-7||005234123
300677162||005230551
1037829654||005227925
1037773004||005227011
300101821||005226988
300110782||005226473
300110774||005226465
1037490681||005226082
1037490150||005226074
30020485X||005226066
1037488814||005226058
1037488520||00522604X
103748777X||005226023
1037487435||005226015
1037483561||005226007
1037480813||005225809
300215312||00522537X
1037438841||005224853
300103026||005223202
300496087||00522280X
1037232496||005221196
300245505||00521677X
30094280X||005216060
1030276471||005211824
300043473||005211808
1030275920||005211794
1030275483||005211786
1036891038||005207959
300132352||005204143
1036694100||005201691
103669268X||005201659
1036649555||005200067
300172559||005198860
300024975||005195969
300757751||005195721
1036492036||00519461X
1036490696||005194563
300011555||005193370
300094841||005192803
300397100||005192498
300255004||005192447
300065485||005192439
30026349X||005190762
300145543||00519069X
300145497||005190673
300145039||005190568
300011040||005188490
300146876||005186560
1035834057||005185165
300144504||005184320
1035681862||005182956
300016808||005182719
300016867||005182700
300016522||005182220
300132573||005180562
300839421||005180295
300047312||005180201
300015895||005180171
30012547X||005180163
300549229||005180155
300155840||005180139
300028512||005180120
300235763||00517757X
1035287927||005175224
1035228386||00517368X
300384564||005171288
300197497||005168317
103455154X||005166675
1034481096||00516575X
103448155X||005165741
1034465759||005165555
300849125||005165474
1028814410||005165458
1034398857||005164540
300709498||005164532
1034398148||005164494
300839448||005164435
1034394045||005164273
1034393006||005164265
300884478||005163196
300863861||005163161
30087698X||005163145
300102569||005161304
300011059||005160855
1034091697||005160782
300121628||005160766
300125712||005160758
300164777||005160731
300698194||005160723
300016743||00515989X
1034031481||005159806
1034031406||005159792
300110480||005158613
4514739-5||005157250
300011504||00515619X
300044461||005155495
300243871||005155118
300259581||005155053
103373280X||005154146
300592655||005152992
300592647||005152984
300361645||005152739
300778368||005152658
300053924||005152534
1033649538||005152445
1033649074||005152429
1033648515||005152402
1033647306||005152321
7666064-3||005152313
1033646776||005152305
300159099||005152127
1033621692||005151619
4530309-5||005150922
30008174X||005150787
300072783||005150353
300391110||005150345
1033551481||005150310
300208669||005146690
30020891X||005146674
300111150||005146666
300015496||00514664X
103339677X||005146542
1033396613||005146526
1033366927||005146259
300092415||005145015
103318635X||005142466
1033176885||005142377
300037694||005141400
1033027510||005139902
1033027472||005139899
300190905||005139635
300049293||005139511
1033000418||005139481
300049463||005139422
300157800||005139082
300266944||005139074
300111274||005139066
300030002||005137098
300942818||005136199
300094175||00513501X
300094183||005135001
300094191||005134994
300094205||005134986
300094213||005134978
300094140||00513496X
30034936X||005133092
300097239||005133084
1032686987||005132827
300015941||005132533
300098049||005131162
300194307||005130263
1032677147||005129850
300365721||00512977X
1032674059||005129737
300204787||005129117
103263068X||005128730
300110529||005128390
1032547405||005127858
1032198737||005124255
300186703||005123046
4452647-7||005122961
1032058056||005122937
1032057106||005122910
300151837||005122902
300015003||005122872
30015254X||005122457
300101902||005122104
1032004614||005121655
1031765891||005118220
1031747826||00511795X
300233671||00511778X
1031637303||005115582
30021605X||005115450
4484771-3||005110645
300829671||005110629
1031575081||005110610
300696566||005110602
4508210-8||005110599
1031479511||005108713
1031450882||005107628
7748837-4||00510727X
1031289577||005101778
1031289186||005101751
300694598||005101719
300942966||00510002X
1028781482||005099587
1031195319||00509951X
1031171479||005098645
1031170405||005098599
1031141537||005095697
30010782X||005095328
1031116109||005094763
1031097066||005094445
300021577||005094380
1031084673||005094011
1030610630||005093856
1030610169||00509383X
1030609926||005093821
300765584||005093767
300021224||005093759
300554044||005093309
300078714||005092469
1030563799||005092361
1030562806||005092329
300013744||005092183
1030489696||005090709
300269382||005090601
1030406456||005084156
1023803798||005083893
1023803720||005083885
1030373051||00508363X
300181116||005083125
300610912||005083095
300460538||005083036
300403453||005082951
300551932||005082897
300512449||005082889
30028683X||005082862
1030356262||005082803
30007591X||005082757
1030311404||005081866
1030276900||005081297
7670423-3||005080363
7670420-8||005080355
103023129X||005080274
1030133816||005074134
300054106||005073677
1030091838||005073154
1030091072||005073103
103007965X||00507293X
1030079390||005072913
1030053618||00507259X
1030051941||005072514
1030049491||005072328
1030036837||005071798
1030035512||005071755
103003396X||005071658
1029978123||005070279
300117965||005069815
300010370||005065275
1029757135||005061717
300348649||005060427
300028792||005053935
1029634335||005053900
1029559236||005052297
300105673||005052181
1029530041||005051770
300640285||005051592
1029500010||005050987
1029499713||005050960
1029397635||005045061
1029372241||005043611
1029353069||005043581
1029344442||005043239
1029323186||005042682
1029322937||005042666
300098065||005032490
300769091||005031753
300093985||005031664
102915497X||005030471
1029153892||005030455
1029152713||005030420
1029148333||005030404
1029147213||005030358
1028672888||005029880
300966482||005029864
300168039||005028833
300440928||005028744
4441977-6||005028701
1028984324||005027055
300752385||005026210
300135289||005026199
300069650||005026075
300298943||005024293
300062419||005024277
1028856393||00502417X
300605889||005023882
300108974||00502255X
300108907||005022525
300108885||005022509
300048122||005019117
300851022||005016169
300057954||005015537
1028028792||005009804
1028028954||005009499
300889364||005009367
300943113||005009251
300055625||005009197
300857519||005009073
1028023421||005008964
300735928||005008646
1027997031||005008409
300290861||005005094
300303521||005004756
1027752446||005004195
1027727999||005003504
1027687148||005002745
300607024||005001439
1027620647||005000874
300659296||005000084
300792425||005000033
1027526330||00499745X
300069715||004997328
300107757||004996720
102748087X||004995988
301009791||004995678
1027359469||004993268
102735713X||004993217
300066279||004992717
300159722||004992628
30009390X||004992474
1027331351||004992342
300007752||004991842
300008953||004991834
300010354||004990609
300400357||004989864
300401930||004989732
1027175694||004989457
300899610||004989325
300999631||004989317
1027171370||004989236
1027171222||004989228
1027171117||00498921X
1027137490||004988124
1027135633||004987993
300105681||004987969
1027124062||00498790X
1026974046||004986385
300399170||00498532X
300128754||004985087
300758286||004984773
102693043X||004984749
1026912733||004984285
300343590||004983971
1026903572||004983858
300241763||004983599
300272669||004983483
1026881668||004983068
102687534X||00498305X
4021683-4||004983025
300046634||004982606
1026218780||004981057
1026218357||004981049
301034354||004980573
300926065||004980530
1026732409||004980484
300046650||004980255
300266847||004980190
300046642||004980050
300127901||004980026
1026689228||004978935
300645120||004976029
301021678||004975634
300065175||004974964
300294662||004974948
300692072||004973879
1026416779||00497221X
300241798||004970489
300225172||004970446
1026172985||004968883
300624808||004968530
300010028||004967267
300105525||004966813
1026018145||004966805
1025896343||004963660
1025876318||004963539
1025872479||004963474
1025870948||004963415
300036981||004959973
300037031||004959965
300189354||00495985X
1025731506||004959515
1025728351||004959353
1025727681||004959272
1025725514||00495906X
102572545X||004959035
1025720393||004958888
1025718895||004958810
4582670-5||004958802
1025717430||004958772
300054211||004958128
300886853||00495808X
1025695798||004958047
300031068||004957911
300557167||00495789X
1025586506||004954378
1025572726||004953576
300065779||004953525
300949987||004953177
1025562356||004953150
1025499808||004950917
300838336||004950909
30047671X||004950658
1025476964||004950119
300687354||004950097
300323468||004949242
300285787||004949226
300108834||004949099
300741294||004948149
30061358X||00494786X
300549865||004947851
300662939||004947827
102530750X||004946820
1025306791||004946790
1025268555||004945247
1025263049||004944852
1025262727||004944828
1025262204||004944739
113073675X||004944690
4489148-9||004944674
1025260562||00494464X
1025250427||004944399
1025170989||004942175
300258097||004942000
300345577||004940059
300011962||004940008
1025032608||004938615
300214227||004936299
300036817||004936191
300595646||004934830
300795963||004933648
300450966||004933621
1024750744||004932773
300983980||004932765
300240775||004932749
102472607X||004932501
1024719138||004932455
102459744X||004930568
1024595714||00493055X
1024591441||004930479
102458853X||004930444
1024526429||004929284
300109016||004929101
1024519724||004928962
4838708-3||00492858X
300145950||004927559
1024434796||004926676
1024426157||004926315
1024753522||00492391X
1024263924||00492195X
1024250792||00492164X
300091893||004920732
102417431X||004918991
1024153908||00491838X
1024867307||004917529
300202164||004916239
300148305||004916131
300269641||004915453
300145896||004914732
1024876128||004914503
300425236||00490897X
1023820757||004908961
1210005069||004908945
1023819317||004908929
300239823||00490608X
1024898857||004904672
1024899470||004903684
300099290||004903420
1024900347||004899911
1023339773||004899024
1023316943||00489698X
301014337||004621832
1022554107||004618858
30009969X||004600126
300291132||004599829
7863238-9||004599217
7863196-8||004599179
300099576||004599152
300108613||004595688
7650986-2||004595637
300560575||004594916
4587558-3||00459472X
7862042-9||004593243
30049484X||004591941
300637519||004591674
7860421-7||004589998
7860363-8||004587391
300177003||004586603
7860410-2||004586581
300037384||004586557
7860338-9||004586549
300174845||004586530
300139284||004586506
30002973X||004585461
7855057-9||004585143
300326246||004585135
300145446||00458287X
300146671||004582845
7858361-5||004578929
7697802-3||004575946
300077688||004574575
7641747-5||004573013
300070233||004570464
300039212||004569547
300135017||004569296
7856213-2||004567463
300059884||004567374
30011155X||004566394
300051816||004566033
7854711-8||004553403
7854514-6||00455275X
300197446||004552709
300223358||004550439
300205457||004546717
300121547||004546113
7853071-4||004545265
300272480||004544560
301030707||004542908
7850218-4||004542878
7841890-2||004542835
300118791||004542762
4530312-5||004539923
300856784||004539915
4530316-2||004539907
4575819-0||004539656
4642372-2||004536789
30057925X||004535316
4793601-0||004535073
7849220-8||004535030
300156634||004533089
4127263-8||00453140X
300467516||004531256
300437706||00453123X
300125216||00452294X
7849194-0||004522915
7849190-3||004522133
7737251-7||00452179X
300037708||004521552
300952430||004521056
300025440||004520513
7847742-6||004520092
300441800||004516931
4419693-3||004515927
7853121-4||004515870
4379959-0||004513347
1058275623||004509722
30016615X||004509609
300097859||004509293
4563545-6||004508270
4793219-3||004505840
300060858||00450559X
300828977||00450514X
7848894-1||004505107
7844581-4||004501993
300729774||004496817
7841161-0||004496787
300015453||004496175
300048106||004495470
30020664X||004495306
7841906-2||004493524
7842692-3||00448617X
300358407||00448536X
300146574||004484770
300144385||004484762
300145985||004484746
300149077||004483634
7841039-3||004479173
300118465||004478746
7842693-5||004476484
4264112-3||004472802
300447345||004470230
300743092||004469550
7841002-2||004469542
4718826-1||004469488
4609919-0||004469283
300118252||004469259
7840502-6||004469143
7840942-1||004467752
7703414-4||004467728
300576579||004465849
7839753-4||004464397
7703660-8||004464249
300007795||004463471
300113943||004460944
7826259-8||004460340
30009440X||004457994
300096550||004457897
30040087X||00445748X
7759739-4||004451627
7759655-9||00445149X
7758923-3||004450825
7759302-9||004450795
7758380-2||004449061
300444745||004449045
7758377-2||004448952
300017855||004447921
300996691||00444745X
300580878||004447387
7759317-0||004447018
7757756-5||004446119
300706715||004443098
7753860-2||004443047
300939094||00444292X
7537712-3||004442520
300679653||004441230
4799147-1||004440595
1199881279||004440552
30009650X||004440536
7755069-9||004440471
300096615||004440463
30047010X||004440196
7755059-6||004440005
7757720-6||004439651
7753578-9||004439341
7753585-6||004439317
300062575||004439252
7758609-8||004439201
7758610-4||004439066
4524861-8||004438698
300263473||004438523
300146337||004438515
300146272||004438507
300146213||004438493
7656204-9||004438477
300146612||004438027
7755214-3||004437373
300026765||004437128
300144857||004436008
7754502-3||004435311
7755172-2||004435273
4353656-6||004434447
30060694X||004433238
7754300-2||004431480
7753478-5||004430174
4802700-5||004429761
4471646-1||004428773
300872461||004428277
7750946-8||004427750
30069590X||004425790
300301286||004425650
300724810||004425596
7750992-4||004422007
300338082||004419537
300102844||004419529
7749399-0||004419472
300422881||004418824
30052739X||004417895
300297289||00441716X
4817836-6||004412931
30001483X||004412567
7748138-0||004411560
300876858||004411501
7839915-4||004411382
7747391-7||004409175
300644256||004409140
7747394-2||00440811X
300127065||004407253
300016697||004406176
7746170-8||004404521
300103387||004403924
7586824-6||004398009
300109644||004397606
300006969||004396782
300094396||004395700
300007175||004393015
300007469||00439299X
7745113-2||004392205
300741898||004389727
300199783||004387570
300595069||004386981
300721773||004377486
7743651-9||00437343X
30017845X||004373367
7743630-1||004372301
7744111-4||004372190
7743597-7||004370996
300143583||004369041
300888074||004365003
300909772||004364996
7742208-9||004364511
300139241||004363817
7742271-5||004362977
7743430-4||00436113X
300015992||004360303
7743410-9||004360222
300241399||004358171
7549211-8||004357302
7741918-2||004355458
4695490-9||004351436
300008341||004350375
7840436-8||004347005
300267207||004345304
7741264-3||004343719
300545940||004342984
300120605||004340787
300058144||004340779
300010621||004332385
7740215-7||004332342
4367738-1||004332253
300140657||004332229
300060343||004328930
7739347-8||004326903
300010737||004324145
300214197||004315340
7738686-3||00431350X
7738830-6||004308948
300151195||004308824
300151160||004308700
300151284||004308646
300016670||004305256
7737130-6||004295951
30020521X||004295536
7737144-6||004294769
7737134-3||004294734
300165447||004294173
7738475-1||004291530
7737008-9||004290968
300165277||004287525
300301340||004283740
7736780-7||00428187X
4428204-7||004281306
7736745-5||004277465
300278950||004277236
300141882||004277198
300140797||004277171
300239858||004276973
30023984X||004276949
300260091||004276590
300229550||00427654X
300670400||004276299
7531657-2||00427606X
30031650X||004275772
7735241-5||004275217
7736819-8||004274822
7734801-1||004268814
30053390X||004266560
300766661||004265629
7735247-6||00426553X
300037295||004263227
300116640||004258177
300581408||004258169
7735261-0||004255909
300042493||004254228
300306393||004254023
7706830-0||004250923
300028598||004245288
30009471X||004245083
300010214||004244451
7732088-8||004243897
7731905-9||004241029
300036787||004240987
300036892||004240952
30004660X||004238680
300042272||004229398
300145934||004228413
7731186-3||004228030
7731188-7||004227980
300557175||004227956
300158572||004227204
7731144-9||004226240
7731208-9||004226070
300417527||004219562
300417462||004219546
300417454||004219341
300109032||004216342
300007027||004216016
300248210||004215710
300032978||004191099
300372396||004187458
7608952-6||004185595
300174667||004180003
300145748||00417996X
300411502||00417898X
300639694||004178785
300220499||004167538
300086342||00416556X
300198833||004162455
7726233-5||004162218
300402333||004158180
7669841-5||004153553
300141106||004153308
300141467||004153227
7724671-8||004153057
300197543||004151291
7635601-2||004151267
300322437||004149106
300112904||004144600
300008295||004141474
7723514-9||004131770
300034954||00413172X
300091990||004125797
4752920-9||004119045
300930860||004115511
4269559-4||004115333
300896530||00410949X
7721595-3||004103653
7721023-2||004100352
300404697||004100085
30009647X||004098927
7720851-1||004091310
300263074||004086090
4376993-7||004084977
7719943-1||004084950
1049569555||00407548X
7718837-8||004073002
300070748||004064585
7717904-3||004061608
7717901-8||004061594
7717899-3||004061586
300016794||004036867
7715553-1||004029631
7715512-9||004028600
300220227||004027833
300652860||004027663
300897030||004026853
300447639||00402639X
300144814||004025830
300145276||004025814
300144245||004024990
300334591||004024745
300124562||00402141X
7714705-4||004020928
7714704-2||004020901
7714699-2||004020871
7714672-4||004020286
300253710||004019806
4362542-3||004016777
300066295||004016300
7714087-4||004011414
300025653||00400731X
300010583||004004361
300010605||004004345
300871392||004004175
7714135-0||004002261
300475306||004002121
300093810||003997618
7713320-1||003997588
300186487||003997553
300186495||003997545
300036809||003997456
7712744-4||003992349
7712250-1||003990443
4789243-2||003989860
300091966||003989518
7712718-3||003988341
300070225||003984257
300085273||003984087
300569947||003984001
300107315||003982602
300026692||00398043X
7712737-7||003980197
300016034||003980154
300046243||003979253
300015178||003973182
300352565||003968057
300235275||003963810
7710585-0||003963500
300026609||003962059
7708966-2||003946258
300010664||003945448
7709036-6||003945243
30017716X||003943410
300016352||003940926
300015488||003939189
300246471||00393747X
300097271||003936252
7709028-7||003935760
7707958-9||00393277X
300017634||003926028
7708668-5||003925498
7707304-6||003915948
300529996||003914445
4258096-1||003913740
300840942||003907996
300042507||003907937
300041969||003907805
300042116||003907422
7706453-7||003906876
300386346||00390685X
300797494||003906833
300864124||003906612
4413242-6||003906590
300125356||003906493
300119046||003906450
300812256||003906124
300092695||003904997
300078692||00390282X
300078706||00390279X
300140878||003902617
300850816||003900452
300943393||003893219
300078633||003892522
4624560-1||003892484
300582382||003890619
300900341||003890465
300029209||003889025
300214618||003887227
30014976X||00388449X
4751946-0||003882659
300036779||003881407
7704358-3||003880206
300009372||003879445
4472030-0||003876489
7704481-2||003875261
300825188||003873897
300252560||003865223
300208928||003863573
7701689-0||003858839
300846525||003858103
300819803||00385809X
7702097-2||003854612
300060394||003854442
300060181||003854256
7701692-0||003852644
300241143||003852636
300259425||003852474
7700810-8||003850420
300009194||003848566
300005431||003848515
30095672X||003845966
300039107||003845176
300174950||003844498
300036922||003843920
300175515||003843025
300974558||003839834
7704156-2||003839478
300054246||003838463
300875916||003838447
7617108-5||003837661
7696846-7||003831329
7659480-4||003829847
7678859-3||00382554X
30004223X||003823512
300395078||003820254
300117345||003819558
300162936||003817393
300477767||003817350
30047458X||003817318
300007345||003816915
7698093-5||003816699
30007283X||00381663X
7698162-9||003816133
300308388||003815501
300104200||003814319
300272405||003809544
300013752||003807894
300297580||003800768
30007896X||003800334
300361270||003799735
300156456||003793729
300123779||003792811
300037368||003792218
300008244||003790061
300643985||003782883
300212461||003782484
4399324-2||003779599
4366019-8||003770060
300125232||00377001X
300016336||003764273
7691277-2||003762831
7691283-8||003762750
300064837||003762718
300525079||003762610
300066317||003759571
300647042||003749339
7689864-7||003746305
7689863-5||003746291
7689871-4||003746135
7690701-6||003743616
7690709-0||003742857
300007493||003742830
7690706-5||003732258
7690657-7||00373224X
300142471||003732118
300037619||00373160X
300070462||00372297X
300240600||003722961
300329377||003722619
300016573||00372073X
300015526||003720721
300131224||003720047
7689453-8||003715442
300315155||003710262
7687516-7||003700968
7687538-6||00369884X
7687646-9||003698734
7687645-7||003698726
7687643-3||003698718
7687642-1||00369870X
7687640-8||003698696
7687639-1||003698688
7687637-8||003698661
7687636-6||003698645
7622590-2||003697452
300124228||003696286
300049889||003693716
7687723-1||003689085
7687604-4||003688445
300102194||00368735X
300125399||00368377X
300125275||003683761
1022907905||003683710
4736461-0||003679497
300548389||003672174
300092016||00366760X
300092172||003660729
4782289-2||003659917
7685661-6||00365964X
4349666-0||003657140
300855621||003647706
300011164||003647188
7685862-5||003646505
7684374-9||003639495
7689494-0||003635287
300094817||00363342X
300130856||003633136
300171846||003633020
300003250||003631478
300451954||003617890
4435820-9||003617734
30016663X||00361770X
30001595X||003617017
300334877||003610144
300005423||00361008X
300108664||003609790
4359519-4||003607577
300083939||003602958
300440235||003602567
300197357||003602559
300006357||003602222
30079858X||003602214
300011660||003601935
300011636||003601900
300887884||003601803
300094922||003601757
300279965||003600564
300028458||003600483
300229127||003598985
7681754-4||003595765
300402562||003595021
7681482-8||00359436X
300303483||003593487
7682192-4||00359002X
300018975||003589161
300302312||003589110
4702203-6||003589048
7681049-5||00358853X
300978219||003587606
7682922-4||003586642
300092024||003584429
300531028||003584399
300588925||003583597
4454170-3||003583325
300291698||003582639
300029950||003582205
300011792||00357914X
300808208||003575020
30011074X||003574954
7683867-5||003572102
300880855||003572013
300370504||00357184X
300007191||003571696
7682305-2||003571327
7680853-1||003570878
300407033||00356553X
7681019-7||003565041
7681025-2||003565033
4378443-4||003565025
300142242||003563650
300202547||003563022
300006322||003562670
300252803||003561984
300006659||003560015
300009593||003558754
300009577||003558746
300306725||00355872X
4844074-7||003558614
300245718||00355404X
7679690-5||003553787
1024433021||00355371X
300007035||003553590
300003773||003553485
300142978||003553027
300072643||003552721
7679067-8||003552330
300011717||003548007
7679061-7||003545997
4526431-4||003545407
300103379||003545296
300141831||003545237
300826613||003544699
7677969-5||003543595
300011083||003542971
4426581-5||00354172X
300146469||003539806
4562526-8||003538826
7678105-7||003538761
4426906-7||003538435
4469525-1||003533530
7678291-8||003533131
7678290-6||003529037
30000754X||00352891X
300007647||003528839
300009089||003528669
300031343||003525961
300297017||003522016
7676005-4||003518159
300527837||003517756
7676013-3||003517721
7675939-8||003516784
300484720||003516237
300661401||003515931
300151063||003514714
300151152||003514692
300151276||003514579
300868677||003508153
300910975||00350297X
7649872-4||003501124
4821860-1||003499545
300279426||003497437
300026706||003494314
300025084||003493865
300653026||003492257
300027311||003490114
300322895||003486915
300098081||003485757
4794012-8||003480720
300169841||003477967
7673754-8||003477649
300049757||003474259
300246749||003473562
300111304||003473457
300111231||003473422
300108583||00347206X
30090617X||003470377
300017111||003468895
7672503-0||003468097
300360711||003467988
300253524||003467589
7672509-1||003464229
7672510-8||003464016
7671479-2||003457281
7671672-7||003457222
300191839||003457192
300993323||003455068
300887698||003453103
30017117X||003450732
7671220-5||003450694
300091982||003445909
7587788-0||003445348
300003560||003445119
7674268-4||003445062
7674273-8||003445046
7674277-5||003445038
300322917||003444600
4723096-4||003443922
300013302||003443248
7671226-6||003443213
300895887||003443191
4243948-6||003443027
30005789X||003440257
300146493||003439623
30017053X||003439577
300026579||003438538
300026560||003438503
300284241||003438430
300027125||003437868
7671224-2||003437485
7671221-7||003437434
300161638||003436780
300025696||003435997
30002701X||003435970
300025645||00343592X
300026935||003435857
300026927||003435822
300026870||003435415
4339979-4||003435393
300027206||003435334
300027338||003435237
7671225-4||003434362
300103565||003431053
300102658||003430715
300141785||003429210
300016158||003427730
7670512-2||003427625
300007663||003425282
30026965X||003424162
7669986-9||003423905
7670317-4||003423492
300135882||003422321
7670201-7||003422291
300445202||003422259
301024626||00342121X
300009399||003419444
300253974||003417255
7670202-9||003413977
300156235||003413829
300139179||003413187
4621770-8||003407721
300049765||003407705
7668719-3||003403467
7668695-4||003401030
7668527-5||00339865X
300889992||003394832
300115598||003392961
300925875||00339171X
30001600X||003391639
300013523||003391558
4600018-5||003390640
300118775||003388379
300062613||003388344
7668185-3||00338831X
7515868-1||003388255
7668150-6||003383202
300010842||003381730
7668136-1||003381099
300009402||003380866
108110063X||003380807
7668154-3||003378934
300124015||003377970
30012404X||003377946
300211554||003377911
300013825||00337534X
4204227-6||003370623
300366086||003370291
300245246||00336996X
30023340X||003367363
7668707-7||003366316
300115695||003365174
300425902||003365042
300205562||00336500X
30013360X||003363929
7667335-2||003356094
300466226||003356078
300239831||003355799
30076247X||003355756
30029770X||003355438
7667330-3||003349829
300017928||003349179
4791782-9||003349136
30017036X||003346188
300008732||003345327
300009437||003345289
4419766-4||003344193
300042752||003343626
300103042||003339505
300094787||003339491
30010278X||003339440
7665540-4||003330834
300577990||003325423
30021328X||003315436
7666778-9||003314758
7665470-9||003306682
300412568||00330664X
7663304-4||00330230X
300424345||003302237
300016247||003301443
1024682269||003301095
300016840||003295893
300102747||003295850
7662521-7||003292037
7663126-6||003291499
300093829||003289885
300093098||003289850
4207320-0||003289753
7665842-9||00328896X
7662931-4||003288560
7662936-3||003288536
7662935-1||00328848X
7662937-5||00328834X
7662938-7||003288234
300151144||003288196
7662933-8||00328798X
300029977||003282414
300029969||003282392
300879598||003274004
300584229||003273970
300062648||003271625
300015186||003268446
300078641||003267830
300525133||003267598
300015623||003266524
300454082||003265560
4517957-8||003264637
300060203||003264084
4399716-8||003261018
300269692||003260097
7661985-0||003257703
7663282-9||003253570
7662475-4||003253228
300251890||003246833
7662482-1||003244164
300494661||003244067
300027214||003243508
300399162||003238636
300835604||003238539
30001578X||003221644
7658459-8||003219100
300005989||003218937
300005261||003218619
30057231X||003213900
7658147-0||003212394
300122012||003212319
300584245||003211452
4689512-7||003203417
4588891-7||003201066
30010684X||003200973
300127324||003200272
7657679-6||003200205
300073119||003200167
300643748||00320006X
30099169X||003199932
300154054||003199835
300171668||003199827
30017165X||003199754
300108508||003199266
300148496||003199177
300848471||003199150
300148488||00319910X
4437517-7||003199096
300148518||003199088
7657466-0||003198987
7657464-7||00319891X
300067968||003197549
4659599-5||00319714X
300196474||003191796
300140193||003191745
7656672-9||003191478
300141874||003191036
300141750||00319096X
7656676-6||003189953
300410581||003189473
300091370||003186709
7656160-4||003186660
300116721||003186334
30011673X||00318630X
300013655||003186237
7656021-1||003185303
300042175||003184935
300214677||003181715
300064519||003181383
300322380||003181286
300226454||003181170
4563370-8||003181138
300177011||003180891
7656103-3||003180352
300896468||003180255
300024924||003180123
7656108-2||003179249
300011806||003179052
300017049||003178978
30001709X||00317896X
300017154||003178927
300011997||003178870
300145373||003178056
300145454||003178013
300144407||003178005
7514281-8||003174786
7654382-1||003169421
300779747||003169308
300157096||003169286
30059559X||003169219
300373864||003169200
300595573||003169197
300141890||003169170
30011818X||003169162
300253737||003168875
300292058||003168727
30019997X||003165949
300103441||003165833
300221487||003165760
300009984||003162680
300006624||003160904
300228740||003160343
7653594-0||003160238
7653579-4||003159892
7653602-6||003159515
30013259X||003159450
300051166||003158853
300013353||003155129
7652834-0||003153711
300102283||003150429
300201427||003149021
300042108||003147665
7652046-8||003147584
4777353-4||003147274
300156251||003143511
300141629||003143244
300151179||003142744
300144865||003142248
4472017-8||003142132
300144709||003142051
300098030||003140709
300097832||00314058X
7651927-2||003138259
7651924-7||003138216
300605404||003136523
7651661-1||003134512
7651648-9||003133702
300111398||003132617
30011138X||003132579
300111363||003132536
300111355||00313251X
300842023||003130002
300010095||003129160
7650484-0||003127265
300808216||003127214
7650244-2||00312617X
7650628-9||003125289
30037576X||003125203
4775545-3||003125092
30001077X||003124932
30003556X||003124916
300035551||003124886
4349652-0||00312097X
7649656-9||003118924
30001340X||003116859
7650359-8||00311595X
7650356-2||003115879
7650355-0||003115828
300019319||003115631
300170327||003115534
4818623-5||003115526
300672829||003113841
30046360X||003111253
7649657-0||003108031
7649481-0||003107957
7649487-1||003107892
7649476-7||003106748
300244673||003106209
4718195-3||003106136
7649471-8||00310611X
300090757||003103285
30063451X||003102866
30046956X||003102467
300235704||003101924
300210159||003101916
300006985||003101045
300174780||003100510
300105967||003098516
300174586||003097552
7648159-1||003097420
7648039-2||003097382
300145780||003097307
7649291-6||003097234
7648226-1||003097072
300918348||00309619X
300029756||003095479
30002990X||003095444
300064055||003092976
300492715||003092895
300918631||003092593
300005350||00309166X
300005407||003091635
300000537||003090744
4469369-2||00309068X
300531281||003087514
300111282||003087417
30022026X||003087379
300817274||003085406
7644892-7||003084922
300298374||003082792
300086369||003082784
300139411||00308258X
300256868||003082288
4204226-4||00308227X
7644123-4||003081141
300098022||003078604
300842082||003076253
300110286||003066525
300121679||003065561
4756592-5||003063542
30001001X||003061485
300037376||003041700
300110359||00303917X
7640696-9||003039161
300141424||003039080
30023998X||003039005
30001547X||00303772X
4825553-1||003037029
300201869||00303562X
300201702||003033163
300196865||003033155
7640552-7||003033074
7640648-9||003032833
4127367-9||003028828
7586354-6||003026973
300079192||003024261
300381565||003024156
4234706-3||003022633
7638633-8||003021246
7638637-5||003021157
7638422-6||003021106
7638480-9||003020940
7638473-1||003018415
30039845X||003014819
7638481-0||003013618
300140932||003012956
7640656-8||003012697
7640658-1||003011739
300016069||003011429
4530311-3||003010295
30007011X||003009874
300733895||003007588
7637101-3||003007065
300109024||003006883
300110197||003004619
300110200||003004597
300303327||003004074
300122802||003001938
300144636||003001458
300378130||002999390
300174640||002998939
7636256-5||002998505
300235658||002995328
7636207-3||002995301
30003699X||002995239
300140053||002995190
300007736||002995166
4634308-8||002994771
7636287-5||002994496
300108168||002993198
300033338||002993147
4789171-3||002993139
300509855||002993112
1311282327||002992817
300010087||002992329
300010079||002992310
300148569||002991047
300115946||002989859
30010720X||00298914X
300041861||002987716
300220405||00298640X
300164661||002986299
300109717||002985985
7634322-4||002984075
300070004||002982781
7633895-2||002978784
300036795||002977869
300025467||002976110
300025092||002976102
7633492-2||002975610
7633578-1||002974770
7633499-5||002974754
300237197||002974061
300278896||002973995
4512489-9||00297388X
300395833||002973855
300283709||002973839
7633543-4||002973820
7633517-3||002973707
4247025-0||002971127
300199805||00296726X
300111916||002967235
7591037-8||002966964
7633008-4||00296645X
7633009-6||002966441
300701330||00296564X
7632455-2||002965291
300122888||002965003
300019386||002964996
300501196||002964872
30015142X||002964856
300102860||002964759
300102585||002964740
300015216||002964406
30010703X||002964341
300027044||002959267
300064128||002958910
300220030||002958619
4660692-0||002957531
4327446-8||002957019
300109881||002955741
300110316||002955725
300139233||002955326
7630685-9||002955318
7630681-1||002955091
4300419-2||002954818
7630589-2||002954486
4516921-4||002954303
300139187||002953269
300017987||00295317X
7629904-1||002946556
7629901-6||002942399
7629005-0||002941627
7629008-6||002940604
300671407||002940590
300169736||00293972X
300122799||00293938X
4435895-7||002937662
300122098||002937247
300007396||002934949
300016883||002933780
30002603X||002924471
300109083||002923602
300017723||002923092
300108176||002923009
7626048-3||002913054
7626073-2||002912945
300174594||002911620
7541872-1||002910152
300065280||002910144
300026978||002907410
300144571||002907178
300026862||002907143
4423900-2||002906503
4505388-1||002906449
7625840-3||00290473X
7625909-2||002904063
7625911-0||002904047
7625839-7||002903989
4619881-7||00289940X
300135343||002896672
300051751||002896656
300010222||002892219
4821828-5||002887541
300874235||002886391
300112009||002882663
300108192||002882434
300346298||002882027
300098952||002881985
4831604-0||002881969
300108656||002881799
300098006||002881357
300119186||002881047
300273258||002880946
300205198||002875896
300257538||002874237
7623050-8||002874210
4476676-2||002874172
300211562||002874008
300018746||002873362
300373147||002870916
300276222||00286701X
300027354||002866978
7623015-6||00286682X
300106971||002866749
300107811||002866595
300108354||002866552
300184522||00286620X
4140758-1||002866072
300145314||002865890
300103069||002865777
300214634||002865645
300214626||002865637
30001189X||002865548
4487484-4||002863758
300729375||002863642
7621985-9||002863499
4456498-3||00286231X
30005324X||002860082
300391072||002859580
300141742||00285919X
300453434||002853299
300139357||002853280
7619555-7||00285290X
300025823||002852888
7619458-9||002852861
300016387||002852799
7619495-4||002852772
300296622||002852691
300100140||002852624
300166400||002852411
4389969-9||002845091
300042302||002845032
300006799||002844966
7618605-2||002844192
7618158-3||002837528
300011539||002835746
7618159-5||002835258
300122195||002834634
300301480||002829797
300777612||002829428
300046979||002828030
300279868||002826178
300211031||002825325
300103603||002825317
300239866||002825309
300018754||002824701
300145411||002824590
300146485||002824477
300016581||002822350
300104723||00282230X
300015127||002822261
7617183-8||002817160
300030029||002816954
300166508||00281563X
4428114-6||002813491
300220073||002810743
300062664||002810689
300062680||002810646
300243200||00281062X
7616389-1||002809737
4393706-8||002808277
7586822-2||002807335
7616429-9||002804824
7616399-4||002804743
7616393-3||002804735
7616396-9||002804662
30013942X||002803305
300057830||002801418
30092903X||002801396
300076207||002796228
7615438-5||002795205
300017146||002794985
30009079X||002794543
7615102-5||00279246X
300064136||002792338
7569680-0||00279232X
7615100-1||00279229X
300095198||002789418
7615057-4||002789337
300098111||002788632
300005377||002783207
4786268-3||002757699
300281609||002756978
300078595||002756919
7613263-8||002755742
4596562-6||002754940
7613262-6||002754851
7612443-5||002747006
300254555||002746360
300121873||002746255
7612103-3||002743833
300125143||002729687
7613268-7||002726939
7613269-9||002726920
7613270-5||002726904
7613271-7||002726866
7613272-9||002726858
300037864||002719800
4493513-4||002715600
300037090||002715597
300038062||002715511
7611051-5||002714264
300045840||002714221
300484658||002714051
30016579X||002713977
300033478||002713802
7610989-6||002713616
300132514||00271356X
300301162||002713454
300300174||002713438
4513756-0||002706865
7610661-5||002706725
300218931||002706717
300015887||002705427
7609464-9||002687224
300030088||002679779
300145829||002672820
30030174X||00267243X
300172354||002668874
300637039||002666561
300031165||002666502
300220472||00266643X
4841507-8||002662132
7607694-5||002660938
30015108X||002660881
300049706||002660334
300049722||00266030X
300284942||002660121
300032706||002656973
300062451||002652900
4435480-0||002652692
30021099X||002652439
300111134||002652099
300859228||002651874
300122330||002651823
4289531-5||002651769
300128576||002651718
7605483-4||002650835
300185286||002650282
300011490||002648172
300011474||00264813X
300199775||002646730
300795033||00264620X
4632870-1||002646102
7605477-9||002646056
300119208||002645319
7605087-7||002643294
7605084-1||002643251
7605082-8||002642085
7615454-3||002641968
300099916||002638207
30010183X||002634783
300101716||002634686
300264291||00263466X
300102410||002634643
7598852-5||002634023
4744328-5||002633175
300333021||002632772
300146477||00263256X
300142250||002632551
4428515-2||002630591
300506643||002626535
300007744||002626462
300225121||00262396X
300016832||002623331
300151136||002622289
300151128||00262222X
300151098||002622092
300151101||00262205X
300151187||002621932
300232098||002621126
30010197X||002621029
7604462-2||002621010
7604459-2||002620669
300132840||002618370
300436297||002617625
300187564||002616688
300433786||002616637
300101392||002616467
7603651-0||002613492
300366221||002612763
300322879||002612666
4709660-3||002612615
300397992||002612569
7603633-9||002612321
7603631-5||002603705
7602663-2||002600706
300042558||002599783
300830688||002597934
300028644||002597918
300028776||00259790X
7601277-3||002597810
300422911||002597764
300227094||002597640
300091842||002597632
300092032||002597535
300223447||002597527
300092083||002597470
300091877||002597446
300092105||00259739X
300225628||002597365
300005652||002597217
4383406-1||002596598
300136064||002596334
300006195||002596296
30000527X||002596075
300111169||00259353X
30001354X||002591480
30009373X||002590573
7600712-1||002587653
300016409||002585758
300017537||002585715
300010443||002584964
7600716-9||00258493X
300158157||00258168X
300687397||002580063
300658753||002575388
300033214||002574918
4394460-7||002573806
7599708-3||00257277X
7599612-1||002569574
7599709-5||002569388
30050635X||002563142
300096089||002562928
300971729||002562618
300007450||00256260X
7599711-3||002561565
7599776-9||002561344
7599727-7||002561107
30041966X||002560658
300030010||002560593
300166222||002559129
300179944||002555514
300516878||002555492
300125836||002553430
300125372||002553414
300042604||00255335X
300235038||002553333
300125100||002553309
4425261-4||002553228
300157649||002553198
300042205||002553139
300139314||002553015
300042094||002551292
300097905||00255125X
300026358||002551233
300232063||00255089X
4432651-8||002550814
300383398||002550075
300130473||002549840
30065555X||002549700
300165080||002549247
7599028-3||002549069
300276672||002545969
7599712-5||002539675
4287885-8||002538288
7598389-8||002536226
4298697-7||002535564
7598565-2||002535157
300018665||002533669
300069154||002533650
4453398-6||002533634
7598908-6||00253360X
7598571-8||00253357X
7598898-7||002533529
300057997||002533510
7598388-6||002533243
4416202-9||002532255
300449550||002532220
300018762||002530848
300165722||002527677
300111967||002527111
300013612||002527014
300460252||00252631X
300111460||002526301
30062624X||002526298
300626231||002526271
30010877X||002526220
300010036||002525593
300260423||002516918
7596988-9||002508885
4420622-7||00250863X
300006888||002508605
300144520||002508362
300172532||002506483
300006160||002504081
4215065-6||00250233X
7597002-8||002501929
7597071-5||002499541
30001113X||002499533
300170289||002499460
300140576||002499274
300170408||002499029
300170238||002498928
300158610||002498758
7596990-7||002495767
30013228X||002495740
300426453||002493136
7596870-8||002491478
7596869-1||002491257
300135270||002491125
300042132||002491109
300042299||002491079
300164971||002486857
300097840||00248515X
300097948||002485087
300579640||002484692
300611153||002482592
300396163||00248207X
7595230-0||002481987
300605242||002481936
300305761||00248191X
300297734||002481758
300158289||002479346
300033729||00247932X
300128185||002479303
300141777||002479141
300546963||002477912
300069189||002477866
300070071||002477858
300104286||002477777
300111665||002475170
300102771||002474689
300618832||002472759
7595247-6||00247171X
7595268-3||002471701
300259999||002470926
7595225-7||002470918
300014864||002470845
300020724||002468948
4488608-1||002468808
300337507||002466848
300010060||002464411
300896344||002462761
300064624||002462699
300225792||002462664
300157266||002462362
300156375||002462338
300066341||002462087
300145322||002459698
300349440||002457784
300010001||00245713X
30063370X||002456648
300517955||00245663X
300010850||002456621
300309767||002456591
300362749||002456575
7593914-9||002456400
30000043X||002456249
300093055||002455846
4351300-1||002455838
300466781||002455714
300466706||002455544
300349289||002452499
4743089-8||00245243X
4428514-0||002452219
300137052||002451697
7599741-1||002451662
300155042||002448963
300139403||002448254
30013911X||002447843
300013841||002447495
300060327||002446545
300904665||00244593X
300016875||002444801
300015798||00244478X
300020368||002444305
7559326-9||00244304X
300148283||002443031
300061099||002442752
300123019||00244271X
30015111X||002442639
300151055||002442612
7591923-0||002442418
7591932-1||002442167
300316496||002441993
7592654-4||002441950
300037678||002441829
300125186||002441098
300473427||002439824
4250011-4||002439794
4539898-7||002438291
7591896-1||002435721
30023953X||002435446
4684048-5||002432595
300169752||002432528
300036876||002432439
300128215||002432145
300026897||002431904
300065477||002431696
30013925X||002430789
4512535-1||002430320
300063970||002428504
300029985||002428059
300122268||002427915
300011113||002427354
300042329||002426153
300016891||002423634
300095007||00242326X
300239904||002423197
300907532||002423189
4466172-1||002422387
300027001||002421720
300016786||002421216
300146027||002417200
300362846||002416506
300098014||002415534
300369972||002413396
7590476-7||002412683
300057946||002412225
300074581||00241175X
300009879||002410184
300111126||002410117
300111339||002408821
300108001||002408597
300746407||00240639X
4582658-4||002406373
7588314-4||002406128
300141939||00240611X
300016360||002404001
300248261||002400820
4276365-4||002400553
4237958-1||002400472
300306121||002400022
4127261-4||002397838
7587781-8||002397323
300145349||002397161
300105800||002394359
300105606||002394308
4507892-0||002394049
300107242||002391643
7588310-7||002387352
300139152||002386240
4745963-3||002383055
7588311-9||00238292X
300112793||002382857
4563375-7||002382334
300149603||002381923
300149573||002381877
300705123||002380722
300170165||00237787X
300011881||002351617
300144415||002349523
300145500||002349485
30009809X||002348535
300098103||002348497
300412053||002347253
300824262||002347067
300028628||00234386X
300016433||002343193
300016417||002343177
300019459||002341786
300016379||002341611
300732767||00234145X
30010233X||002341085
300007981||002340755
7585890-3||002340631
300006691||002340623
300146698||002340410
300009798||002339900
300281951||002338653
300107056||002338602
300064152||002338475
300019416||002338351
300065515||002338327
300406568||002338319
300019181||002338289
300065787||002338270
300064764||002337614
300105843||002337592
300166192||002337533
300122470||002336499
300098073||002335204
300170319||002334968
300105428||002334771
7587745-4||00233285X
300107188||002332787
300150946||002330407
300214030||002330245
300779941||002330229
7587783-1||002330121
4489151-9||002329719
300165145||002329557
300166028||002329514
300178727||002329409
300165838||002329328
300122543||00232928X
300225725||002328771
300045735||002328607
4551613-3||002325977
300006667||002325802
300065531||002324083
300386087||002319241
300016425||002313928
300009712||002311623
300041772||002308045
4112712-2||002306077
300018622||002306069
300109849||002305410
7582406-1||002302063
300142420||00229978X
300015194||002296896
300110618||002294753
7582413-9||002289288
300145098||002287757
300145306||002287749
300144458||002287722
300144512||002287714
300263392||002287633
30014539X||002287595
300169868||002281848
300099312||002277603
300018657||002277468
300444400||002276453
300165587||002276402
300170084||002276356
300170483||002276313
30016999X||002276267
300145055||002276259
300171447||002276240
300026889||002273616
7580101-2||002272776
300110464||002272261
4806102-5||002271877
30002875X||002270366
30017148X||002270064
300062125||002267128
7579952-2||002267098
7579953-4||002267071
7579954-6||002267047
7579955-8||00226692X
300029993||002260212
300145403||002253283
300036760||002252961
30010829X||002252422
300156405||002251949
4665128-7||002248530
7578526-2||00224781X
7578519-5||002247526
7577554-2||002241668
300145969||002239590
300157142||002239280
300156294||002239264
300172141||00223873X
7577549-9||00223842X
300170548||002236060
7576980-3||002233290
300009062||002231158
300125755||00223081X
4317678-1||00222979X
30002696X||002229307
300150695||002229110
300172311||002228653
300074867||002228262
300107331||002224046
300722036||002222973
300560982||002221640
300064756||002221543
300112068||002221217
300109660||002221195
4585956-5||002219972
300115350||002218003
300165951||002217988
30027677X||002211599
300141475||002211440
300222343||002211351
30015190X||002211254
300016255||002211211
300105916||002107686
300099398||002080427
30054894X||002080095
300067844||002062429
7575343-1||002062291
7575346-7||002062275
7575331-5||002062186
